PRAGMA foreign_keys=OFF;
BEGIN TRANSACTION;
CREATE TABLE IF NOT EXISTS "migrations" ("id" integer primary key autoincrement not null, "migration" varchar not null, "batch" integer not null);
INSERT INTO migrations VALUES(1,'0001_01_01_000000_create_users_table',1);
INSERT INTO migrations VALUES(2,'0001_01_01_000001_create_cache_table',1);
INSERT INTO migrations VALUES(3,'0001_01_01_000002_create_jobs_table',1);
INSERT INTO migrations VALUES(4,'2025_01_25_042505_create_dokters_table',1);
INSERT INTO migrations VALUES(5,'2025_01_25_042552_create_admins_table',1);
INSERT INTO migrations VALUES(6,'2025_01_25_042607_create_manajers_table',1);
INSERT INTO migrations VALUES(7,'2025_01_25_042733_create_obats_table',1);
INSERT INTO migrations VALUES(8,'2025_01_25_042747_create_pasiens_table',1);
INSERT INTO migrations VALUES(9,'2025_01_25_042819_create_kasirs_table',1);
INSERT INTO migrations VALUES(10,'2025_01_26_085118_create_laporan_keuangans_table',1);
INSERT INTO migrations VALUES(11,'2025_01_30_021600_create_tindakans_table',1);
INSERT INTO migrations VALUES(12,'2025_01_30_031805_create_kasuses_table',1);
CREATE TABLE IF NOT EXISTS "users" ("id" integer primary key autoincrement not null, "name" varchar not null, "email" varchar not null, "email_verified_at" datetime, "password" varchar not null, "remember_token" varchar, "created_at" datetime, "updated_at" datetime);
INSERT INTO users VALUES(1,'Manager','manager@klinikgigi.com',NULL,'$2y$12$1Zt4bwy6U2edG6Y6nrvJo.obNjjA0FtXSnUdcTqC7Yt5ftDcntc9K','2nLKkLGjxAKnOzCiLtQfK9uu6hEQxGeio9gKjtDBYcWeLbA14DHRIAu6E0QB','2025-03-03 02:01:56','2025-05-10 06:12:15');
INSERT INTO users VALUES(2,'Kasir','kasir@klinikgigi.com',NULL,'$2y$12$R9.AQATILsKfM4Nm4MjG4.EJyQJx/Ii8wQU2hCDYbC79VpmrmD/Ra','SjbXVBDPJjw6BSREb0U09KLwdbzlNUtNcuAsuaxqqAWkECSfazbGfBzRPfig','2025-03-03 02:01:57','2025-03-03 02:01:57');
INSERT INTO users VALUES(4,'drg. Dyta Larasati Wemona','dytalrst@gmail.com',NULL,'$2y$12$ULUKCL55GlpYvOARhLzLluBo9Ju5rrEykyAuRZbT2k.8QKREsSD9a','s4CTra9T64aItMJczbCTinK4BMXOuI7qiiQT5lBALTZaZ2S0wS0tGyw1Ipxv','2025-03-14 04:17:37','2025-03-14 04:17:37');
INSERT INTO users VALUES(5,'drg. Dewi Yunita Sari','deweysari@gmail.com',NULL,'$2y$12$3zgeoRwHEVpgKWOD7yt9uOdkE7PPfalQveKfZjG6KlYStFLK4hdTC','8Im4NBXvaaftTl83xPZG6pzRwkxNiTGH9Uf2GFNLsLqtTrOL5Z940CrtmxMk','2025-03-14 05:28:13','2025-03-14 05:28:13');
INSERT INTO users VALUES(6,'drg. Kunti Sholihah','kunti.sholihah@gmail.com',NULL,'$2y$12$PvPtA2o.Ewox.ixUgT/Zy.eifcHFbVOcVPeAa9cSymiaC2pczTz5O','j38GOnnytmPFywpGfmTRmYlJ2Zu460KIsIT5g8HSUIil6dxu5PV5jjdCk2iu','2025-03-14 09:47:47','2025-03-14 20:14:01');
INSERT INTO users VALUES(9,'drg. Endiki Surya Wira Pratama, MMRS','endikisurya@yahoo.com',NULL,'$2y$12$kW27xOl8zbYzKwifmdxI2euDAT28eOAo0i78t3XtkYcUgri2IFTYK','eHgPJeNsgmlIC4fuBFz98o8VWRd07o9Xkqn9ihAQZHjyCWVroq7t34ZMdE4O','2025-09-26 13:44:34','2025-09-26 13:44:34');
CREATE TABLE IF NOT EXISTS "password_reset_tokens" ("email" varchar not null, "token" varchar not null, "created_at" datetime, primary key ("email"));
CREATE TABLE IF NOT EXISTS "sessions" ("id" varchar not null, "user_id" integer, "ip_address" varchar, "user_agent" text, "payload" text not null, "last_activity" integer not null, primary key ("id"));
INSERT INTO sessions VALUES('zpLZiUuGEtaPW2pQzi9HF8NziQej8BdrdwK26ZCU',2,'112.78.133.199','Mozilla/5.0 (Windows NT 10.0; Win64; x64) AppleWebKit/537.36 (KHTML, like Gecko) Chrome/147.0.0.0 Safari/537.36','YTo1OntzOjY6Il90b2tlbiI7czo0MDoic0JFWTJGQlRYSUN0YWZqV3BmOVdDRmJ1ZlpZaFEwNEIxZk4xdU5yVyI7czo5OiJfcHJldmlvdXMiO2E6MTp7czozOiJ1cmwiO3M6Mzc6Imh0dHBzOi8va2FyaW1hdGEuZ29vZHNvbHVzaS5jb20va2FzaXIiO31zOjY6Il9mbGFzaCI7YToyOntzOjM6Im9sZCI7YTowOnt9czozOiJuZXciO2E6MDp7fX1zOjUwOiJsb2dpbl93ZWJfNTliYTM2YWRkYzJiMmY5NDAxNTgwZjAxNGM3ZjU4ZWE0ZTMwOTg5ZCI7aToyO3M6OToidXNlcl9yb2xlIjtzOjU6ImFkbWluIjt9',1776657069);
INSERT INTO sessions VALUES('kZ9rSyshDj11QmB9o6NRGSAq98eDWlZCDqWsm6mg',NULL,'182.8.98.227','Mozilla/5.0 (Macintosh; Intel Mac OS X 10_11_1) AppleWebKit/601.2.4 (KHTML, like Gecko) Version/9.0.1 Safari/601.2.4 facebookexternalhit/1.1 Facebot Twitterbot/1.0','YTo0OntzOjY6Il90b2tlbiI7czo0MDoiZXRCTTVkNkhqc204dzZzZldKVUZqS3hhREV5T0lIRE1KSlhKZFNkTyI7czozOiJ1cmwiO2E6MTp7czo4OiJpbnRlbmRlZCI7czo0ODoiaHR0cHM6Ly9rYXJpbWF0YS5nb29kc29sdXNpLmNvbS9sYXBvcmFuLWtldWFuZ2FuIjt9czo5OiJfcHJldmlvdXMiO2E6MTp7czozOiJ1cmwiO3M6Mzc6Imh0dHBzOi8va2FyaW1hdGEuZ29vZHNvbHVzaS5jb20vbG9naW4iO31zOjY6Il9mbGFzaCI7YToyOntzOjM6Im9sZCI7YTowOnt9czozOiJuZXciO2E6MDp7fX19',1776672811);
INSERT INTO sessions VALUES('EKDrMdTAmxY3QNIdHFIehiM7CkKtJuF9SLPWHr2x',NULL,'34.57.198.224','Mozilla/5.0 (compatible; CMS-Checker/1.0; +https://example.com)','YTozOntzOjY6Il90b2tlbiI7czo0MDoiSngyM0JwaTZiMU5TTkh2Tld3UTZsZjhneG1ISms1aTV1WmF2YVRhayI7czo5OiJfcHJldmlvdXMiO2E6MTp7czozOiJ1cmwiO3M6MzA6Imh0dHA6Ly9rYXJpbWF0YS5nb29kc29sdXNpLmNvbSI7fXM6NjoiX2ZsYXNoIjthOjI6e3M6Mzoib2xkIjthOjA6e31zOjM6Im5ldyI7YTowOnt9fX0=',1776697889);
INSERT INTO sessions VALUES('G6KRC1ZjElKVlg4i2zBBpe3fimQgWbDF0KNwMuMU',2,'112.78.133.199','Mozilla/5.0 (Windows NT 10.0; Win64; x64) AppleWebKit/537.36 (KHTML, like Gecko) Chrome/147.0.0.0 Safari/537.36','YTo1OntzOjY6Il90b2tlbiI7czo0MDoiMmt6b2xXck5FZlZ6S1FVSkJ0OGRwMWNzbWVtOFpjaGZPYklKQThYcCI7czo5OiJfcHJldmlvdXMiO2E6MTp7czozOiJ1cmwiO3M6Mzc6Imh0dHBzOi8va2FyaW1hdGEuZ29vZHNvbHVzaS5jb20va2FzaXIiO31zOjY6Il9mbGFzaCI7YToyOntzOjM6Im9sZCI7YTowOnt9czozOiJuZXciO2E6MDp7fX1zOjUwOiJsb2dpbl93ZWJfNTliYTM2YWRkYzJiMmY5NDAxNTgwZjAxNGM3ZjU4ZWE0ZTMwOTg5ZCI7aToyO3M6OToidXNlcl9yb2xlIjtzOjU6ImFkbWluIjt9',1776745651);
INSERT INTO sessions VALUES('N3DtczpBs0dEsdhDCp5Y3tvMSb2cYg6ZC5fRimnt',2,'112.78.133.199','Mozilla/5.0 (Windows NT 10.0; Win64; x64) AppleWebKit/537.36 (KHTML, like Gecko) Chrome/147.0.0.0 Safari/537.36','YTo2OntzOjY6Il90b2tlbiI7czo0MDoiV3hsdTd6YmRmbzlvSTlPeDRKWTY0V1MyaTRhVXcweWpQRGE4TFRnYSI7czozOiJ1cmwiO2E6MDp7fXM6OToiX3ByZXZpb3VzIjthOjE6e3M6MzoidXJsIjtzOjM5OiJodHRwczovL2thcmltYXRhLmdvb2Rzb2x1c2kuY29tL3Bhc2llbnMiO31zOjY6Il9mbGFzaCI7YToyOntzOjM6Im9sZCI7YTowOnt9czozOiJuZXciO2E6MDp7fX1zOjUwOiJsb2dpbl93ZWJfNTliYTM2YWRkYzJiMmY5NDAxNTgwZjAxNGM3ZjU4ZWE0ZTMwOTg5ZCI7aToyO3M6OToidXNlcl9yb2xlIjtzOjU6ImFkbWluIjt9',1776772285);
INSERT INTO sessions VALUES('VT4oAwPOwIOP8AajGSx2zOt3NxGjhuLTCRdBgp5e',NULL,'112.78.133.199','Mozilla/5.0 (Windows NT 10.0; Win64; x64) AppleWebKit/537.36 (KHTML, like Gecko) Chrome/147.0.0.0 Safari/537.36','YTozOntzOjY6Il90b2tlbiI7czo0MDoiTVdoVFZ6dzkxMW1uNGo5Rk16N1JQSmJkVVV0VXJxTTZBWlZvRE5mVyI7czo5OiJfcHJldmlvdXMiO2E6MTp7czozOiJ1cmwiO3M6MzE6Imh0dHBzOi8va2FyaW1hdGEuZ29vZHNvbHVzaS5jb20iO31zOjY6Il9mbGFzaCI7YToyOntzOjM6Im9sZCI7YTowOnt9czozOiJuZXciO2E6MDp7fX19',1776829267);
INSERT INTO sessions VALUES('vzesX8G8QvZfabzQFrrGsQnRpI0yVwH9PL5CKdVn',2,'112.78.133.199','Mozilla/5.0 (Windows NT 10.0; Win64; x64) AppleWebKit/537.36 (KHTML, like Gecko) Chrome/147.0.0.0 Safari/537.36','YTo1OntzOjY6Il90b2tlbiI7czo0MDoiYVZVRFpCREtnRkd6cTdQTzQzV1NxSmVRVVk5ZDJkbTM4Rzk3MDBDOSI7czo5OiJfcHJldmlvdXMiO2E6MTp7czozOiJ1cmwiO3M6Mzc6Imh0dHBzOi8va2FyaW1hdGEuZ29vZHNvbHVzaS5jb20va2FzaXIiO31zOjY6Il9mbGFzaCI7YToyOntzOjM6Im9sZCI7YTowOnt9czozOiJuZXciO2E6MDp7fX1zOjUwOiJsb2dpbl93ZWJfNTliYTM2YWRkYzJiMmY5NDAxNTgwZjAxNGM3ZjU4ZWE0ZTMwOTg5ZCI7aToyO3M6OToidXNlcl9yb2xlIjtzOjU6ImFkbWluIjt9',1776829274);
CREATE TABLE IF NOT EXISTS "cache" ("key" varchar not null, "value" text not null, "expiration" integer not null, primary key ("key"));
CREATE TABLE IF NOT EXISTS "cache_locks" ("key" varchar not null, "owner" varchar not null, "expiration" integer not null, primary key ("key"));
CREATE TABLE IF NOT EXISTS "jobs" ("id" integer primary key autoincrement not null, "queue" varchar not null, "payload" text not null, "attempts" integer not null, "reserved_at" integer, "available_at" integer not null, "created_at" integer not null);
CREATE TABLE IF NOT EXISTS "job_batches" ("id" varchar not null, "name" varchar not null, "total_jobs" integer not null, "pending_jobs" integer not null, "failed_jobs" integer not null, "failed_job_ids" text not null, "options" text, "cancelled_at" integer, "created_at" integer not null, "finished_at" integer, primary key ("id"));
CREATE TABLE IF NOT EXISTS "failed_jobs" ("id" integer primary key autoincrement not null, "uuid" varchar not null, "connection" text not null, "queue" text not null, "payload" text not null, "exception" text not null, "failed_at" datetime not null default CURRENT_TIMESTAMP);
CREATE TABLE IF NOT EXISTS "dokters" ("id_dokter" integer primary key autoincrement not null, "user_id" integer not null, "nama_dokter" varchar, "role" varchar, "nip" varchar, "alamat" varchar, "tanggal_lahir" date, "nik" varchar, "nohp" varchar, "jadwalpraktik" varchar, "penghasilan" numeric not null default '0', "created_at" datetime, "updated_at" datetime, foreign key("user_id") references "users"("id") on delete cascade);
INSERT INTO dokters VALUES(2,4,'drg. Dyta Larasati Wemona',NULL,'0','Jl. Lumba-lumba 1 no. A4 Sempusari Jember','1999-01-08','3509194801990004','082132157064','Senin selasa jumat sabtu',0,'2025-03-14 04:17:37','2025-03-14 04:17:37');
INSERT INTO dokters VALUES(3,5,'drg. Dewi Yunita Sari',NULL,'1','Perum Tegal Besar Permai 1 S-18','1999-06-28','3509196806990002','082338099813','Senin selasa rabu kamis jumat sabtu',0,'2025-03-14 05:28:13','2025-03-14 05:28:13');
INSERT INTO dokters VALUES(4,6,'drg. Kunti Sholihah',NULL,'3','Griya Mangli Indah BF6','1998-06-30','3511167006980002','082257793366','Selasa rabu kamis jumat sabtu',0,'2025-03-14 09:47:47','2025-03-14 09:47:47');
INSERT INTO dokters VALUES(5,9,'drg. Endiki Surya Wira Pratama, MMRS',NULL,'0123','Jl Agus Salim no 36','1989-12-03','3509190312890005','081234527520','Minggu 09.00-11.00',0,'2025-09-26 13:44:34','2025-09-26 13:44:34');
CREATE TABLE IF NOT EXISTS "admins" ("id" integer primary key autoincrement not null, "user_id" integer not null, "nama_admin" varchar not null, "role" varchar not null, "nip" varchar not null, "alamat" varchar not null, "tanggal_lahir" date not null, "nik" varchar not null, "nohp" varchar not null, "created_at" datetime, "updated_at" datetime, foreign key("user_id") references "users"("id") on delete cascade);
INSERT INTO admins VALUES(1,1,'Manager','manager','123456789','Jl. Contoh Alamat No. 1','1990-01-01','1234567890123456','081234567890','2025-03-03 02:01:57','2025-03-03 02:01:57');
INSERT INTO admins VALUES(2,2,'Kasir','Kasir','123456789','Jl. Contoh Alamat No. 2','1990-01-02','1234567890123457','081234567891','2025-03-03 02:01:57','2025-03-03 02:01:57');
CREATE TABLE IF NOT EXISTS "manajers" ("id" integer primary key autoincrement not null, "user_id" integer not null, "nama_manajer" varchar not null, "role" varchar not null, "nip" varchar not null, "alamat" varchar not null, "tanggal_lahir" date not null, "nik" varchar not null, "nohp" varchar not null, "created_at" datetime, "updated_at" datetime, foreign key("user_id") references "users"("id") on delete cascade);
CREATE TABLE IF NOT EXISTS "obats" ("id_obat" integer primary key autoincrement not null, "nama_obat" varchar not null, "merk" varchar not null, "ukuran" varchar not null, "harga_beli" numeric not null, "tanggal_beli" date not null, "supplier" varchar not null, "created_at" datetime, "updated_at" datetime);
CREATE TABLE IF NOT EXISTS "pasiens" ("id_pasien" integer primary key autoincrement not null, "nama_pasien" varchar not null, "jenis_kelamin" varchar check ("jenis_kelamin" in ('L', 'P')) not null, "alamat_pasien" varchar not null, "profesi" varchar, "nik" varchar not null, "nohp" varchar not null, "alergi" text, "created_at" datetime, "updated_at" datetime);
INSERT INTO pasiens VALUES(1,'Dani','L','Jl Nias','Mahasiswa','0000000000000000','0987655555555','Tidak ada','2025-03-03 02:31:39','2025-03-03 02:31:39');
INSERT INTO pasiens VALUES(2,'MOCHAMAD ZAINAL ARIFIN','L','DSN. PANDEAN RT 002/RW001 GIRIREJO, KEC. BAGOR','SALES','3518041004950001','085790348214','TIDAK ADA','2025-03-14 02:19:46','2025-03-14 02:19:46');
INSERT INTO pasiens VALUES(3,'Evita Nur Diyana','P','Jl. Bungur Tugu Lingkungan Darwo Timur','PNS','3509204709980001','081336661100','tidak ada','2025-03-28 09:00:44','2025-03-28 11:20:15');
INSERT INTO pasiens VALUES(4,'M. Rospiandi','L','Jl. BT. Kuis DSN II No. 48','TNI','1207021606770008','081361681444','tidak ada','2025-03-28 14:05:46','2025-04-07 02:40:04');
INSERT INTO pasiens VALUES(5,'Reny Retnaningsih','P','Jl. Dahlia No. 2','-','0000000000000001','081335566657','tidak ada','2025-04-07 02:36:08','2025-04-07 02:36:08');
INSERT INTO pasiens VALUES(6,'Jio','L','Jl. Dahlia No. 2','KAI','0000000000000002','081335566657','tidak ada','2025-04-07 02:37:53','2025-04-07 02:37:53');
INSERT INTO pasiens VALUES(7,'Jaka Putra','L','Jl. Manunggal rt 002/ rw 001 Kel. Tanah Garam, Kec. Lubuk Sikarah','Karyawan Rumah Makan','1372011607960021','081215068399','Tidak Ada','2025-04-07 10:20:27','2025-04-07 10:20:27');
INSERT INTO pasiens VALUES(8,'Ahmad Ghozali','L','Cangkring, Prajekan','Guru','3511160203670002','082330724249',NULL,'2025-04-08 14:06:39','2025-04-08 14:06:39');
INSERT INTO pasiens VALUES(9,'Rinanda Apsari','P','Bondowoso','Ibu Rumah Tangga','0000000000000003','082337593479',NULL,'2025-04-08 14:08:26','2025-04-08 14:08:26');
INSERT INTO pasiens VALUES(10,'Dhani Satria Wijaya','L','Kepanjen, Malang','Wiraswasta','3507131406860001','081332492000',NULL,'2025-04-10 13:05:16','2025-04-10 13:05:16');
INSERT INTO pasiens VALUES(11,'Rivaldi Teguh','L','Jl. Karimata Gg. renggali 225','Karyawan Swasta','3509210810990003','085334513268','tidak ada','2025-04-16 13:10:06','2025-04-16 13:51:37');
INSERT INTO pasiens VALUES(12,'Aldino Hadianto','L','PRM SEMERU AA-8, SUMBERSARI','Pegawai Negeri Sipil','0000000000000004','082232020183',NULL,'2025-04-19 05:35:51','2025-04-19 05:35:51');
INSERT INTO pasiens VALUES(13,'Inas Shafira Lailani','P','Kalisat, Jember','Konsultan','0000000000000005','085259756015',NULL,'2025-04-29 03:14:15','2025-04-29 03:14:15');
INSERT INTO pasiens VALUES(14,'Muhammad Harits Al Fatih','L','Perumahan Karimata Dreamland KAI 15','Pelajar','0000000000000006','082333444555',NULL,'2025-05-02 12:53:51','2025-05-02 13:30:36');
INSERT INTO pasiens VALUES(15,'Dimas Dwi','L','Manggar 7 Gebang','PNS','0000000000000007','082159997743',NULL,'2025-05-08 06:35:18','2025-05-08 07:30:52');
INSERT INTO pasiens VALUES(16,'Alfin Desta Audyarizky','P','Jelbuk','Staff Koperasi','3509256212010001','085796862512',NULL,'2025-05-08 11:54:30','2025-05-08 11:54:30');
INSERT INTO pasiens VALUES(17,'Andrias Warsito','L','Jember Permai III blok J II','Karyawan BUMD','0000000000000008','082333444666',NULL,'2025-05-13 11:43:51','2025-05-13 13:29:06');
INSERT INTO pasiens VALUES(18,'Hessy Hindarsi','P','Taman Gading Blok 0 No. 14 Jember','Karyawan Swasta','0000000000000009','081336577488','-','2025-05-15 11:28:04','2025-05-15 13:10:52');
INSERT INTO pasiens VALUES(19,'Sindi Wahyu Subekti','P','Gumukmas Jember','-','3509045704050002','082233020161','-','2025-05-23 02:46:38','2025-05-23 02:58:32');
INSERT INTO pasiens VALUES(20,'Kunti','P','Jl. Srikoyo Gg. Delima',NULL,'0000000000000010','081361681777','-','2025-05-24 07:11:33','2025-05-24 07:11:43');
INSERT INTO pasiens VALUES(21,'Rustiami','P','Jl. Letjen S. Parman I/5','-','3509216810660002','081361681888',NULL,'2025-05-24 07:19:24','2025-05-24 07:19:24');
INSERT INTO pasiens VALUES(22,'Bambang Widya Prabowo','L','Jl. Brawijaya 63 J. Dusun Krajan','PNS','3509150209710001','082140191236','tidak ada','2025-05-31 12:15:13','2025-10-19 04:10:13');
INSERT INTO pasiens VALUES(23,'Zahrana Nur Afifah','P','Cluster Tondano A7','Siswa','0000000000000012','082114409251','-','2025-06-02 13:14:36','2025-06-02 13:14:36');
INSERT INTO pasiens VALUES(24,'Holis Suryadi','L','Jln Letjen Suprapto kebon sari','TNI-AD','0000000000000011','085331988197','-','2025-06-10 13:34:47','2025-06-10 13:34:47');
INSERT INTO pasiens VALUES(25,'Iva Datur Rohma','P','Kalisat','wiraswasta','0000000000000013','081252077447','-','2025-06-11 08:48:38','2025-06-11 10:18:20');
INSERT INTO pasiens VALUES(26,'Alisha Mutiara','P','Jl. Sriwijaya V blok LA/23','Pelajar','0000000000000014','081235775015',NULL,'2025-06-12 12:51:37','2025-06-12 12:51:37');
INSERT INTO pasiens VALUES(27,'M. Alif Daify Syahrial Ibrahimy','L','Dusun Krajan Selatan, Rt.02/Rw.05 Desa Patemon, Kecamatan Pakusari, Jember','Pelajar','0000000000000015','081559889612',NULL,'2025-06-16 02:40:43','2025-06-16 02:42:38');
INSERT INTO pasiens VALUES(28,'Meyra','P','Jl. dr. Soebandi',NULL,'0000000000000016','085846319645','-','2025-06-23 02:26:25','2025-06-23 02:26:50');
INSERT INTO pasiens VALUES(29,'Dian','P','Gang Bentoel','Ibu Rumah Tangga','0000000000000017','081222333444','-','2025-06-23 03:34:47','2025-06-23 03:34:47');
INSERT INTO pasiens VALUES(30,'Herry Nurtjahjo','L','Taman Kampus blok D2 no 4','Pensiunan','3509211212630008','085235150930','-','2025-06-25 06:14:14','2025-06-25 06:14:14');
INSERT INTO pasiens VALUES(31,'Fahmi Ilham Nabil','L','Bondowoso','PNS','0000000000000018','082337593479','-','2025-06-25 11:37:00','2025-06-25 11:37:15');
INSERT INTO pasiens VALUES(32,'Nur Amalul Febriyanto','L','Mojosari, Puger','Karyawan Swa','3509081202970001','085257001739',NULL,'2025-06-26 04:32:27','2025-06-26 04:32:27');
INSERT INTO pasiens VALUES(33,'M. Azril Putra Rahmadani','L','Jl. Danau Toba Tondano No. 36','Pelajar','0000000000000019','081331457799','-','2025-06-30 02:26:24','2025-06-30 02:48:41');
INSERT INTO pasiens VALUES(34,'Ana Rahmawati','P','Sumber Pinang','Ibu Rumah Tangga','0000000000000020','085812217664',NULL,'2025-07-02 08:12:30','2025-07-02 08:12:30');
INSERT INTO pasiens VALUES(35,'Esti Hanugraheni','P','Perum Gunung Batu Permai B-21F','Ibu Rumah Tangga','3509216604670002','082257990263',NULL,'2025-07-05 12:27:19','2025-07-05 12:27:19');
INSERT INTO pasiens VALUES(36,'Fahriya Yuga Maulida','P','Taman Kampus blok D2 no 4','Mahasiswa','3502166505020002','085235150930','-','2025-07-07 07:44:53','2025-07-07 10:01:36');
INSERT INTO pasiens VALUES(37,'Rizki F','P','Jl. Gunung Agung',NULL,'0000000000000021','081332381381','-','2025-07-08 11:52:06','2025-07-08 11:52:06');
INSERT INTO pasiens VALUES(38,'Anak Ny. Rizki F','P','Jl. Gunung Agung','Pelajar','0000000000000022','081332381381','-','2025-07-08 14:07:49','2025-07-08 14:08:03');
INSERT INTO pasiens VALUES(39,'Adinda Nazwa','P','Jember','Mahasiswa','0000000000000023','0812123456789',NULL,'2025-07-16 12:12:35','2025-07-16 12:12:35');
INSERT INTO pasiens VALUES(40,'Poedjo Boedisantoso','L','Jln. Nias II/9','Pensiunan','3509210611660004','082141052815','Antalgin','2025-07-29 11:39:32','2025-07-29 11:39:32');
INSERT INTO pasiens VALUES(41,'Jafrina Ayu Zahro Wardania','P','Jl. Karimata II/163 Ling. Krajan Barat','Mahasiswa','3509215906060002','083845037412',NULL,'2025-08-02 11:52:44','2025-08-02 11:52:44');
INSERT INTO pasiens VALUES(42,'Sayoga Putra Ranasta','L','Jl. Semeru XII blok S-11','Wirausaha','0000000000000024','082301708496',NULL,'2025-08-19 09:23:39','2025-08-19 10:20:04');
INSERT INTO pasiens VALUES(43,'Dyta','P','Mangli','-','0000000000000025','082132157064',NULL,'2025-08-21 08:05:04','2025-08-21 08:05:04');
INSERT INTO pasiens VALUES(44,'Ikbal Nuramal','L','Perum Puri Nirwana Blok. D 33','Karyawan Swasta','0000000000000026','081382884652',NULL,'2025-09-01 10:56:38','2025-09-01 10:56:38');
INSERT INTO pasiens VALUES(45,'Iwan Ardiansyah','L','JL. Tawang Mangu','Wiraswasta/Pedagang','0000000000000027','085230825545','-','2025-09-03 11:20:57','2025-09-03 11:20:57');
INSERT INTO pasiens VALUES(46,'GHAITSA','P','Probolinggo','Pelajar','0000000000000028','082234353392',NULL,'2025-09-06 06:49:53','2025-09-06 06:49:53');
INSERT INTO pasiens VALUES(47,'Ari Sulistyowati','P','Surabaya','Wirausaha','0000000000000029','082231387828',NULL,'2025-09-09 05:37:20','2025-09-09 06:44:50');
INSERT INTO pasiens VALUES(48,'Rachel Kirana Perdana','P','Perum DIM 1/ 12 Dusun Krajan','Pelajar','3509155101170001','082231422699',NULL,'2025-09-09 09:06:20','2025-09-09 09:06:20');
INSERT INTO pasiens VALUES(49,'Gufron Mubarok','L','Jl. Yos Sudarso Lingkungan Gempal','Kuli LPG','3509210210990003','087857695540','tidak ada','2025-09-19 05:52:53','2025-09-19 05:52:53');
INSERT INTO pasiens VALUES(50,'Alfin Jam Annuri','L','Jl. Manggar XII No. 24','Dokter Umum','0000000000000030','085869999489','-','2025-09-26 10:13:21','2025-09-27 05:47:37');
INSERT INTO pasiens VALUES(51,'M. Yasser Abiyyu','L','Jl. MH Thamrin','mahasiswa','1471111607070021','085176917821','-','2025-10-01 05:18:40','2025-10-01 05:18:40');
INSERT INTO pasiens VALUES(52,'Prisca Akvila','P','Sriwijaya no. 73','-','0000000000000031','08973834381','tidak ada','2025-10-07 05:48:57','2025-10-07 06:50:15');
INSERT INTO pasiens VALUES(53,'Edra Satria','L','Jl. Semeru 99','-','3509210509010008','081264815473',NULL,'2025-10-08 11:24:00','2025-10-08 11:54:59');
INSERT INTO pasiens VALUES(54,'Imam Aditya Agung Mulyono','L','Perum D’kebonsari Village Teratai 01','-','0000000000000032','082336997843','-','2025-10-12 02:05:11','2025-10-12 02:52:56');
INSERT INTO pasiens VALUES(55,'Ixora Fila Rajabi Duta  Muhammad','L','sukorambi, jember','Mahasiswa','3509150701030004','081535297248',NULL,'2025-10-17 04:46:44','2025-10-17 06:22:41');
INSERT INTO pasiens VALUES(56,'Rizka Indah Wulandari','P','Jalan Nusa Indah VII/37','Wiraswasta','3509207110970001','081559790951',NULL,'2025-10-17 09:07:05','2025-10-17 10:00:58');
INSERT INTO pasiens VALUES(57,'Ika Sulistiyawati','P','Perum Gunung Batu BB/1','Ibu Rumah Tangga','3509215303830010','081249955283','-','2025-10-17 12:07:35','2025-10-19 04:09:43');
INSERT INTO pasiens VALUES(58,'Sugih Sugiharto','L','KP Sagaranten','wiraswasta','3205151708930005','085603620719','tidak ada','2025-10-20 12:00:47','2025-10-20 12:00:47');
INSERT INTO pasiens VALUES(59,'Deffry Jonathan','L','Gajah Mada 54','Swasta','0000000000000033','081221106888',NULL,'2025-10-22 11:27:21','2025-10-22 11:36:26');
INSERT INTO pasiens VALUES(60,'Painten','P','DUSUN KRAJAN II Grenden Puger Jember','-','0000000000000034','082120093961','-','2025-10-24 08:58:03','2025-10-24 08:58:03');
INSERT INTO pasiens VALUES(61,'Muhammad Noval Hidayat','L','Jln Srikoyo Perum Galaxy Patrang E/4','Mahasiswa','0000000000000035','0895370084455','-','2025-10-25 07:09:38','2025-10-25 07:09:38');
INSERT INTO pasiens VALUES(62,'Dhimas','L','Perum Greenland Semeru 2','Swasta','0000000000000036','082331680218','-','2025-11-07 12:02:00','2025-11-07 12:02:00');
INSERT INTO pasiens VALUES(63,'Azka Maulana Fanani','L','Villa Tegal Besar B10','Pelajar','0000000000000037','085232954331','-','2025-11-08 05:39:40','2026-01-18 02:29:47');
INSERT INTO pasiens VALUES(64,'Amira Naila Majid','P','Jl. S. Parman No. 10 Sumbersari','Finance Staff','3508066603020002','085369338203','tidak ada','2025-11-10 09:57:49','2025-11-10 09:57:49');
INSERT INTO pasiens VALUES(65,'Ika Aulia N','P','Sempu, Banyuwangi','Swasta','3510024710900002','085704121240','-','2025-11-15 08:21:06','2025-11-15 08:21:06');
INSERT INTO pasiens VALUES(66,'Dhamar Maulana Ibrahim','L','Jl. Semangka','Siswa','0000000000000038','082228240399','-','2025-11-15 12:01:18','2025-11-15 12:01:18');
INSERT INTO pasiens VALUES(67,'Muhammad Thoriq','L','Tegal Gede','-','1471091103040003','087767533539','-','2025-11-21 09:15:31','2025-11-21 10:04:42');
INSERT INTO pasiens VALUES(68,'Erlangga Prayoga Gemilang','L','Sempusari','-','0000000000000039','0881027739056','-','2025-11-29 11:07:33','2025-11-29 11:07:33');
INSERT INTO pasiens VALUES(69,'Zafran','L','Jl. Letjen Suprapto No. 188 kebonsari','Pelajar','0000000000000040','085236993797','-','2025-11-29 11:44:46','2025-11-29 11:44:46');
INSERT INTO pasiens VALUES(70,'Nurud Diniyah','P','Jl. Riau','Dosen','0000000000000041','081259002072','-','2025-12-06 05:06:13','2025-12-06 05:06:13');
INSERT INTO pasiens VALUES(71,'Ovi Rofita','P','Bondowoso','-','0000000000000042','081217154909','-','2025-12-12 03:57:25','2025-12-12 06:38:45');
INSERT INTO pasiens VALUES(72,'Muhammad Emir Alfatih','L','Prajekan, Bondowoso','-','0000000000000043','085735030795','-','2025-12-18 11:12:27','2025-12-18 11:12:27');
INSERT INTO pasiens VALUES(73,'Queensilla Bale Putri Gunawan','P','Rich Village Phase 3 RZD 31','Pelajar','0000000000000044','081336036080','-','2025-12-22 06:00:58','2025-12-22 06:00:58');
INSERT INTO pasiens VALUES(74,'Evan Mika S','L','Jl. Kaliurang 11','-','0000000000000045','082231090247','-','2025-12-26 04:49:08','2025-12-26 04:49:08');
INSERT INTO pasiens VALUES(75,'Airin','P','Kalibaru','Pelajar','0000000000000046','082334944418','-','2025-12-27 11:38:06','2025-12-27 11:38:06');
INSERT INTO pasiens VALUES(76,'Kadek Ratih Narani Ratnasari','P','Perum Gunung Batu','-','3509216002000003','081332510627','-','2025-12-27 14:09:46','2025-12-27 14:10:58');
INSERT INTO pasiens VALUES(77,'Joko Santoso','L','Jl. Karimata Renggali 225','Guru','0000000000000047','082232977455','tidak ada','2025-12-29 04:56:10','2025-12-29 04:57:10');
INSERT INTO pasiens VALUES(78,'Romi Eldika Putra','L','Gunung Batu A/29','Karyawan Swasta','0000000000000048','081371561756','-','2025-12-29 07:57:28','2025-12-29 07:57:28');
INSERT INTO pasiens VALUES(79,'Ely Sulistiyaningsih','P','Jl. Yos Sudarso No. 30','-','0000000000000049','082233568498','-','2025-12-30 11:57:56','2025-12-30 11:57:56');
INSERT INTO pasiens VALUES(80,'Rinus','L','Istana Tegal Besar Jember','-','0000000000000050','08883609207','-','2026-01-04 02:53:02','2026-01-04 02:53:02');
INSERT INTO pasiens VALUES(81,'Yudhistira Rizky A','L','Ambulu','Pelajar','0000000000000051','085712913305','-','2026-01-05 08:23:56','2026-01-05 08:23:56');
INSERT INTO pasiens VALUES(82,'Andika Dwi Afandi','L','Mayang','-','0000000000000052','083140303018','-','2026-01-07 08:34:30','2026-01-07 08:34:30');
INSERT INTO pasiens VALUES(83,'I Ketut Natera','L','Perum Gunung Batu EE-108 Jember','Pensiunan','0000000000000053','081336761197','-','2026-01-07 10:43:57','2026-01-07 10:43:57');
INSERT INTO pasiens VALUES(84,'Jordan Maddox Nugraha','L','Argopuro SA 18','-','0000000000000054','081282781818','-','2026-01-08 04:27:07','2026-01-08 04:27:21');
INSERT INTO pasiens VALUES(85,'Mardiya','P','Dsn Sumber Lanas timur','Tani','0000000000000055','081234783997','Tidak Ada','2026-01-10 08:34:30','2026-01-10 08:34:30');
INSERT INTO pasiens VALUES(86,'Fendi Aristiawan','L','Perum Bedadung Indah','Karyawan Swasta','3509110107860375','085257165163','-','2026-01-11 03:11:21','2026-01-11 03:11:21');
INSERT INTO pasiens VALUES(87,'Aulia Kinanthi Anssy','P','Jember','-','0000000000000056','081357713319','-','2026-02-03 09:28:27','2026-02-03 09:29:57');
INSERT INTO pasiens VALUES(88,'Etty Retno Purwanti','P','Perum gn.batu blok g/3 Jember','-','0000000000000057','082142667567','tidak ada','2026-02-05 04:30:47','2026-02-05 09:53:58');
INSERT INTO pasiens VALUES(89,'M. Altamis Syarif','L','Jl. Danau Tondano, Cluster A7','-','0000000000000058','085257784044','-','2026-02-11 09:39:40','2026-02-11 09:39:40');
INSERT INTO pasiens VALUES(90,'Chandra Udi P','L','Tegal Besar','Swasta','0000000000000059','08113380040','-','2026-02-15 03:24:40','2026-02-15 03:24:40');
INSERT INTO pasiens VALUES(91,'Ryuzaki Reynand Pramana','L','Tegal Besar','siswa','0000000000000060','08113380040','-','2026-02-15 03:25:28','2026-02-15 03:25:28');
INSERT INTO pasiens VALUES(92,'Fensa Riski Prastika','P','Perumdim gg. I no 12','-','0000000000000061','082231422699','-','2026-02-27 08:15:51','2026-02-27 08:15:51');
INSERT INTO pasiens VALUES(93,'Masy Ariel','L','Pakusari','-','0000000000000062','081235764169','-','2026-03-03 04:42:45','2026-03-03 04:42:45');
INSERT INTO pasiens VALUES(94,'Sakinatun Nisa','P','Perum Sakura Land No. C4 Sumbersari Jember','Wiraswasta','0000000000000063','08155553350','-','2026-03-07 04:07:00','2026-03-07 04:07:00');
INSERT INTO pasiens VALUES(95,'Emyr Arrayyan','L','Karimata Dreamlang no. 25','-','0000000000000064','082143076986','-','2026-03-07 07:46:51','2026-03-07 07:46:51');
INSERT INTO pasiens VALUES(96,'Muhammad Hamami','L','Pace Silo Jember','-','0000000000000065','082334944418','-','2026-03-07 09:01:47','2026-03-07 09:01:47');
INSERT INTO pasiens VALUES(97,'Dzihniyyah Zahra','P','Perumahan Taman Anggrek','Mahasiswi','0000000000000066','085806017336','-','2026-03-13 04:41:42','2026-03-13 04:51:46');
INSERT INTO pasiens VALUES(98,'Carissa Vania A','P','Jl. Nias II no 9B','Siswa','0000000000000067','0857464571616','-','2026-03-13 08:40:51','2026-03-13 08:40:51');
INSERT INTO pasiens VALUES(99,'Syntia Dewi','P','Mangli Jember','-','0000000000000068','082140282256','-','2026-03-17 03:47:15','2026-03-17 03:47:15');
INSERT INTO pasiens VALUES(100,'Layum Arova','P','Jalan Semboro Tanggul','-','0000000000000069','085754333907','-','2026-03-25 09:01:52','2026-03-30 06:06:40');
INSERT INTO pasiens VALUES(101,'Muhammad Ridwan','L','Antirogo','Pelajar','0000000000000070','085881393889','-','2026-03-26 10:37:02','2026-03-26 10:37:02');
INSERT INTO pasiens VALUES(102,'Dava Agustian','L','Puri 2 Antirogo','Operator BPD','0000000000000071','085733314896','-','2026-03-27 09:06:44','2026-03-27 09:06:44');
INSERT INTO pasiens VALUES(103,'Aulia Hanani','L','Jl. Sriwijaya XVI/2 Sumbersari','Karyawan','0000000000000072','081332990635','-','2026-03-27 12:04:15','2026-03-27 12:04:15');
INSERT INTO pasiens VALUES(104,'Nur Rasya','L','Sumberbringin','Wirausaha','0000000000000073','085231291511','-','2026-03-28 13:10:26','2026-03-28 14:57:19');
INSERT INTO pasiens VALUES(105,'rini siswowiati','P','bondowoso','PNS','0000000000000074','082257793366','-','2026-04-01 09:13:30','2026-04-01 09:13:30');
INSERT INTO pasiens VALUES(106,'Nurhidayati','P','Jl. Pg. Demaas KOTIM Besuki, Situbondo.','-','0000000000000075','082334600939','-','2026-04-04 04:51:08','2026-04-04 04:51:08');
INSERT INTO pasiens VALUES(107,'Melysa Nur Fauziah','P','Mumbulsari, Jember','Guru','5101014101000014','081337210778','-','2026-04-10 04:41:53','2026-04-10 05:49:16');
INSERT INTO pasiens VALUES(108,'Moh. Widad Maulana','L','Mumbulsari, Jember','Guru','3509232105010002','082232483997','-','2026-04-10 04:43:49','2026-04-10 05:49:28');
INSERT INTO pasiens VALUES(109,'Safira Maulidina','P','Lumajang Jl Kyai Ghozali','-','0000000000000078','087766270751','-','2026-04-10 04:46:44','2026-04-10 04:46:44');
INSERT INTO pasiens VALUES(110,'Selvi Sutanto','P','Jl. Majapahit eg1','-','0000000000000079','082140030080','-','2026-04-18 09:19:36','2026-04-18 09:19:36');
INSERT INTO pasiens VALUES(111,'Lia','P','Kebonsari','-','0000000000000080','083114760979','-','2026-04-19 01:26:04','2026-04-19 01:26:04');
INSERT INTO pasiens VALUES(112,'Salwa','P','Kebonsari','Pelajar','0000000000000081','083114760979','-','2026-04-19 03:09:52','2026-04-19 03:09:52');
INSERT INTO pasiens VALUES(113,'Safira Mar''atul Jannah','P','Jl. Lumba-Lumba I blok E, Lingk Mrapa','Mahasiswi','0000000000000082','082229206226','-','2026-04-21 10:49:11','2026-04-21 11:51:25');
CREATE TABLE IF NOT EXISTS "kasirs" ("id" integer primary key autoincrement not null, "tindakan_id" integer not null, "total_biaya" numeric not null, "dibayar" numeric not null default '0', "kembalian" numeric not null default '0', "metode_pembayaran" varchar not null, "created_at" datetime, "updated_at" datetime, foreign key("tindakan_id") references "tindakans"("id") on delete cascade);
INSERT INTO kasirs VALUES(2,2,50000,50000,0,'tunai','2025-03-14 10:13:05','2025-03-26 07:57:15');
INSERT INTO kasirs VALUES(3,3,450000,450000,0,'qris','2025-03-28 10:52:05','2025-04-07 01:54:54');
INSERT INTO kasirs VALUES(4,4,0,0,0,'-','2025-03-28 11:15:22','2025-03-28 11:38:17');
INSERT INTO kasirs VALUES(5,5,100000,100000,0,'tunai','2025-03-28 15:27:52','2025-04-07 01:55:13');
INSERT INTO kasirs VALUES(6,6,250000,250000,0,'qris','2025-04-07 02:50:14','2025-04-08 06:35:55');
INSERT INTO kasirs VALUES(7,7,250000,250000,0,'qris','2025-04-07 02:52:23','2025-04-08 06:35:48');
INSERT INTO kasirs VALUES(8,8,100000,100000,0,'tunai','2025-04-07 11:12:18','2025-04-07 11:14:04');
INSERT INTO kasirs VALUES(9,9,250000,250000,0,'qris','2025-04-08 05:43:51','2025-04-08 05:52:00');
INSERT INTO kasirs VALUES(10,10,200000,200000,0,'qris','2025-04-08 14:11:20','2025-04-08 14:13:05');
INSERT INTO kasirs VALUES(11,11,200000,200000,0,'qris','2025-04-08 14:13:28','2025-04-08 14:14:42');
INSERT INTO kasirs VALUES(12,12,250000,250000,0,'qris','2025-04-10 14:08:24','2025-04-10 14:10:08');
INSERT INTO kasirs VALUES(13,13,500000,500000,0,'qris','2025-04-12 10:48:52','2025-04-12 10:51:09');
INSERT INTO kasirs VALUES(14,14,300000,300000,0,'qris','2025-04-16 13:11:19','2025-04-16 13:11:40');
INSERT INTO kasirs VALUES(15,15,100000,100000,0,'qris','2025-04-19 13:52:16','2025-04-19 13:52:39');
INSERT INTO kasirs VALUES(16,16,100000,100000,0,'tunai','2025-04-26 13:36:40','2025-04-26 13:47:46');
INSERT INTO kasirs VALUES(17,17,450000,450000,0,'qris','2025-04-29 05:04:28','2025-04-29 05:07:02');
INSERT INTO kasirs VALUES(18,18,75000,75000,0,'tunai','2025-05-02 13:07:05','2025-05-02 13:07:55');
INSERT INTO kasirs VALUES(19,19,200000,200000,0,'qris','2025-05-08 07:09:32','2025-05-08 07:11:44');
INSERT INTO kasirs VALUES(20,20,350000,350000,0,'tunai','2025-05-08 13:09:24','2025-05-08 13:11:04');
INSERT INTO kasirs VALUES(21,21,200000,200000,0,'tunai','2025-05-13 12:28:11','2025-05-13 12:28:50');
INSERT INTO kasirs VALUES(22,22,50000,50000,0,'qris','2025-05-15 12:35:29','2025-05-15 12:36:00');
INSERT INTO kasirs VALUES(23,23,200000,200000,0,'tunai','2025-05-23 04:03:15','2025-05-23 04:04:26');
INSERT INTO kasirs VALUES(24,24,150000,150000,0,'qris','2025-05-24 07:20:48','2025-05-24 08:53:09');
INSERT INTO kasirs VALUES(25,25,250000,250000,0,'tunai','2025-05-24 08:34:14','2025-05-24 08:40:03');
INSERT INTO kasirs VALUES(26,26,200000,200000,0,'qris','2025-05-31 07:57:15','2025-05-31 08:06:12');
INSERT INTO kasirs VALUES(27,27,150000,200000,50000,'tunai','2025-05-31 12:55:10','2025-05-31 12:56:08');
INSERT INTO kasirs VALUES(28,28,50000,50000,0,'qris','2025-06-02 13:16:06','2025-06-02 13:16:57');
INSERT INTO kasirs VALUES(29,29,100000,100000,0,'tunai','2025-06-10 14:08:07','2025-06-10 14:08:44');
INSERT INTO kasirs VALUES(30,30,150000,150000,0,'tunai','2025-06-11 11:54:23','2025-06-11 12:26:43');
INSERT INTO kasirs VALUES(31,31,100000,100000,0,'tunai','2025-06-12 13:17:48','2025-06-12 13:30:43');
INSERT INTO kasirs VALUES(32,32,250000,250000,0,'qris','2025-06-14 10:47:57','2025-06-14 11:02:34');
INSERT INTO kasirs VALUES(33,33,250000,250000,0,'tunai','2025-06-16 04:21:05','2025-06-16 04:21:57');
INSERT INTO kasirs VALUES(34,34,350000,0,0,'-','2025-06-17 08:43:20','2025-06-17 08:43:20');
INSERT INTO kasirs VALUES(35,35,350000,350000,0,'qris','2025-06-17 08:43:20','2025-06-17 08:43:46');
INSERT INTO kasirs VALUES(36,36,150000,150000,0,'tunai','2025-06-23 02:52:48','2025-06-23 02:54:18');
INSERT INTO kasirs VALUES(37,37,250000,250000,0,'tunai','2025-06-23 05:33:30','2025-06-23 05:34:10');
INSERT INTO kasirs VALUES(38,38,150000,150000,0,'tunai','2025-06-25 07:06:27','2025-06-25 08:12:28');
INSERT INTO kasirs VALUES(39,39,300000,300000,0,'qris','2025-06-25 11:39:33','2025-06-25 12:53:44');
INSERT INTO kasirs VALUES(40,40,250000,250000,0,'qris','2025-06-26 05:52:37','2025-06-26 08:12:30');
INSERT INTO kasirs VALUES(41,41,75000,75000,0,'qris','2025-06-30 02:29:26','2025-06-30 02:30:00');
INSERT INTO kasirs VALUES(42,42,250000,250000,0,'tunai','2025-07-02 12:19:45','2025-07-02 12:44:52');
INSERT INTO kasirs VALUES(43,43,25000,25000,0,'qris','2025-07-05 12:45:18','2025-07-05 12:45:59');
INSERT INTO kasirs VALUES(44,44,250000,250000,0,'qris','2025-07-07 09:21:00','2025-07-07 09:21:33');
INSERT INTO kasirs VALUES(45,45,250000,250000,0,'qris','2025-07-08 13:43:21','2025-07-09 09:32:50');
INSERT INTO kasirs VALUES(46,46,600000,600000,0,'qris','2025-07-08 14:11:02','2025-07-09 09:33:08');
INSERT INTO kasirs VALUES(47,47,100000,100000,0,'qris','2025-07-16 12:29:39','2025-07-16 14:49:28');
INSERT INTO kasirs VALUES(48,48,150000,150000,0,'qris','2025-07-29 12:26:05','2025-07-29 12:26:23');
INSERT INTO kasirs VALUES(49,49,250000,250000,0,'qris','2025-08-02 13:02:12','2025-08-02 13:02:54');
INSERT INTO kasirs VALUES(50,50,350000,350000,0,'qris','2025-08-19 10:20:23','2025-08-19 10:21:06');
INSERT INTO kasirs VALUES(51,51,150000,150000,0,'qris','2025-08-22 02:21:37','2025-08-22 12:45:53');
INSERT INTO kasirs VALUES(52,52,350000,350000,0,'tunai','2025-08-26 12:29:05','2025-08-26 12:30:37');
INSERT INTO kasirs VALUES(53,53,200000,200000,0,'qris','2025-09-01 11:51:14','2025-09-01 11:51:43');
INSERT INTO kasirs VALUES(54,54,150000,150000,0,'qris','2025-09-03 12:15:21','2025-09-03 12:16:11');
INSERT INTO kasirs VALUES(55,55,450000,450000,0,'qris','2025-09-06 06:59:32','2025-09-06 07:00:09');
INSERT INTO kasirs VALUES(56,56,100000,100000,0,'tunai','2025-09-09 06:45:38','2025-09-09 06:46:04');
INSERT INTO kasirs VALUES(57,57,100000,100000,0,'tunai','2025-09-09 09:18:17','2025-09-09 09:18:39');
INSERT INTO kasirs VALUES(58,58,100000,100000,0,'tunai','2025-09-19 09:36:58','2025-09-20 03:52:40');
INSERT INTO kasirs VALUES(59,59,100,0,0,'-','2025-09-26 11:43:28','2025-09-26 11:43:28');
INSERT INTO kasirs VALUES(60,60,100000,100000,0,'tunai','2025-09-26 11:47:14','2025-09-27 11:19:43');
INSERT INTO kasirs VALUES(61,61,200000,200000,0,'qris','2025-09-27 05:50:47','2025-09-27 11:20:03');
INSERT INTO kasirs VALUES(62,62,300000,300000,0,'qris','2025-10-01 06:36:20','2025-10-01 06:36:50');
INSERT INTO kasirs VALUES(63,63,450000,450000,0,'tunai','2025-10-03 11:51:13','2025-10-03 11:51:45');
INSERT INTO kasirs VALUES(64,64,100000,100000,0,'qris','2025-10-07 07:09:54','2025-10-07 07:10:25');
INSERT INTO kasirs VALUES(65,65,200000,200000,0,'qris','2025-10-09 06:45:38','2025-10-11 04:18:06');
INSERT INTO kasirs VALUES(66,66,200000,200000,0,'tunai','2025-10-10 11:52:08','2025-10-10 11:53:19');
INSERT INTO kasirs VALUES(67,67,250000,250000,0,'tunai','2025-10-11 11:44:46','2025-10-11 11:46:08');
INSERT INTO kasirs VALUES(68,68,375000,375000,0,'qris','2025-10-13 12:43:55','2025-10-14 04:13:03');
INSERT INTO kasirs VALUES(69,69,150000,150000,0,'qris','2025-10-17 07:12:24','2025-10-17 07:14:45');
INSERT INTO kasirs VALUES(70,70,100000,100000,0,'qris','2025-10-17 07:13:01','2025-10-17 07:15:57');
INSERT INTO kasirs VALUES(71,71,300000,300000,0,'transfer','2025-10-17 10:58:18','2025-10-17 11:01:07');
INSERT INTO kasirs VALUES(72,72,150000,150000,0,'tunai','2025-10-17 12:37:33','2025-10-17 12:37:55');
INSERT INTO kasirs VALUES(73,73,350000,350000,0,'qris','2025-10-20 13:29:45','2025-10-20 13:30:14');
INSERT INTO kasirs VALUES(74,74,200000,200000,0,'tunai','2025-10-22 12:06:43','2025-10-22 12:07:30');
INSERT INTO kasirs VALUES(75,75,100000,100000,0,'qris','2025-10-25 07:37:39','2025-10-25 07:38:05');
INSERT INTO kasirs VALUES(76,76,150000,150000,0,'qris','2025-11-01 11:06:49','2025-11-01 11:08:14');
INSERT INTO kasirs VALUES(77,77,300000,300000,0,'qris','2025-11-04 10:10:42','2025-11-04 10:11:22');
INSERT INTO kasirs VALUES(78,78,150000,150000,0,'qris','2025-11-05 05:10:34','2025-11-05 05:12:41');
INSERT INTO kasirs VALUES(79,79,150000,150000,0,'qris','2025-11-07 12:49:39','2025-11-07 12:50:13');
INSERT INTO kasirs VALUES(80,80,150000,150000,0,'qris','2025-11-10 10:50:24','2025-11-10 10:51:27');
INSERT INTO kasirs VALUES(81,81,250000,250000,0,'qris','2025-11-15 09:55:58','2025-11-15 09:57:44');
INSERT INTO kasirs VALUES(82,82,150000,150000,0,'tunai','2025-11-15 12:25:47','2025-11-15 12:26:04');
INSERT INTO kasirs VALUES(83,83,400000,400000,0,'qris','2025-11-17 07:49:19','2025-11-17 07:49:57');
INSERT INTO kasirs VALUES(84,84,200000,200000,0,'qris','2025-11-21 08:56:07','2025-11-21 08:56:35');
INSERT INTO kasirs VALUES(85,85,50000,50000,0,'qris','2025-11-21 10:23:56','2025-11-21 10:24:31');
INSERT INTO kasirs VALUES(86,86,450000,450000,0,'qris','2025-11-25 06:08:31','2025-11-25 06:09:07');
INSERT INTO kasirs VALUES(87,87,200000,200000,0,'qris','2025-11-28 09:36:19','2025-11-28 09:36:43');
INSERT INTO kasirs VALUES(88,88,400000,400000,0,'qris','2025-11-28 11:09:15','2025-11-28 11:09:50');
INSERT INTO kasirs VALUES(89,89,50000,50000,0,'tunai','2025-11-29 12:10:35','2025-11-29 12:10:52');
INSERT INTO kasirs VALUES(90,90,100000,100000,0,'qris','2025-11-29 12:29:39','2025-11-29 12:30:04');
INSERT INTO kasirs VALUES(91,92,350000,350000,0,'tunai','2025-12-02 09:50:09','2025-12-02 09:51:25');
INSERT INTO kasirs VALUES(92,91,350000,0,0,'-','2025-12-02 09:50:09','2025-12-02 09:50:09');
INSERT INTO kasirs VALUES(93,93,150000,150000,0,'tunai','2025-12-06 05:45:36','2025-12-06 05:46:08');
INSERT INTO kasirs VALUES(94,94,50000,50000,0,'tunai','2025-12-06 12:40:32','2025-12-06 12:40:57');
INSERT INTO kasirs VALUES(95,95,300000,300000,0,'tunai','2025-12-12 10:41:42','2025-12-12 10:43:52');
INSERT INTO kasirs VALUES(96,96,650000,650000,0,'qris','2025-12-15 05:50:32','2025-12-15 06:03:06');
INSERT INTO kasirs VALUES(97,97,150000,150000,0,'qris','2025-12-16 06:40:23','2025-12-16 06:43:12');
INSERT INTO kasirs VALUES(98,98,150000,150000,0,'qris','2025-12-18 08:57:16','2025-12-18 11:13:14');
INSERT INTO kasirs VALUES(99,99,25000,25000,0,'qris','2025-12-18 23:11:57','2025-12-19 08:45:27');
INSERT INTO kasirs VALUES(100,100,150000,150000,0,'qris','2025-12-22 07:04:51','2025-12-22 07:05:12');
INSERT INTO kasirs VALUES(101,101,350000,350000,0,'qris','2025-12-26 07:27:13','2025-12-26 07:27:41');
INSERT INTO kasirs VALUES(102,102,200000,200000,0,'tunai','2025-12-27 12:22:48','2025-12-27 12:23:11');
INSERT INTO kasirs VALUES(103,103,650000,650000,0,'qris','2025-12-27 14:11:37','2025-12-27 14:12:22');
INSERT INTO kasirs VALUES(104,104,200000,200000,0,'qris','2025-12-29 05:58:05','2025-12-29 05:58:23');
INSERT INTO kasirs VALUES(105,105,150000,150000,0,'qris','2025-12-29 08:30:34','2025-12-29 08:30:59');
INSERT INTO kasirs VALUES(106,106,100000,100000,0,'tunai','2025-12-31 10:19:53','2025-12-31 10:20:44');
INSERT INTO kasirs VALUES(107,107,250000,250000,0,'tunai','2026-01-04 03:31:27','2026-01-04 03:31:57');
INSERT INTO kasirs VALUES(108,108,150000,150000,0,'tunai','2026-01-05 07:53:01','2026-01-05 07:53:15');
INSERT INTO kasirs VALUES(109,109,50000,50000,0,'qris','2026-01-05 08:37:19','2026-01-05 08:37:59');
INSERT INTO kasirs VALUES(110,110,100000,100000,0,'tunai','2026-01-07 10:04:44','2026-01-07 10:10:57');
INSERT INTO kasirs VALUES(111,111,200000,200000,0,'tunai','2026-01-07 12:29:28','2026-01-08 05:43:50');
INSERT INTO kasirs VALUES(112,112,400000,400000,0,'tunai','2026-01-08 05:38:31','2026-01-08 05:42:35');
INSERT INTO kasirs VALUES(113,113,200000,200000,0,'tunai','2026-01-09 11:41:03','2026-01-10 04:17:31');
INSERT INTO kasirs VALUES(114,114,300000,300000,0,'tunai','2026-01-10 09:29:27','2026-01-10 09:30:18');
INSERT INTO kasirs VALUES(115,115,75000,75000,0,'tunai','2026-01-11 03:36:47','2026-01-11 03:37:32');
INSERT INTO kasirs VALUES(116,116,150000,150000,0,'tunai','2026-01-12 08:30:32','2026-01-12 08:30:58');
INSERT INTO kasirs VALUES(117,117,200000,200000,0,'qris','2026-01-18 03:06:16','2026-01-18 03:06:57');
INSERT INTO kasirs VALUES(118,118,200000,200000,0,'tunai','2026-01-18 03:22:09','2026-01-18 03:22:58');
INSERT INTO kasirs VALUES(119,119,100000,100000,0,'tunai','2026-01-18 03:33:12','2026-01-18 03:34:42');
INSERT INTO kasirs VALUES(120,120,350000,350000,0,'qris','2026-01-19 09:12:26','2026-01-19 09:15:10');
INSERT INTO kasirs VALUES(121,121,200000,200000,0,'tunai','2026-01-24 08:33:13','2026-01-24 08:33:47');
INSERT INTO kasirs VALUES(122,122,200000,200000,0,'tunai','2026-01-28 05:58:46','2026-01-28 06:01:11');
INSERT INTO kasirs VALUES(123,123,400000,400000,0,'tunai','2026-01-28 12:33:10','2026-01-28 12:33:44');
INSERT INTO kasirs VALUES(124,124,250000,300000,50000,'tunai','2026-01-31 08:38:14','2026-01-31 10:42:16');
INSERT INTO kasirs VALUES(125,125,150000,0,-150000,'tunai','2026-02-01 03:35:31','2026-02-10 07:47:25');
INSERT INTO kasirs VALUES(126,126,150000,150000,0,'tunai','2026-02-01 03:39:20','2026-02-01 03:40:24');
INSERT INTO kasirs VALUES(127,127,150000,150000,0,'qris','2026-02-03 10:50:08','2026-02-03 11:22:20');
INSERT INTO kasirs VALUES(128,128,150000,150000,0,'tunai','2026-02-05 10:55:16','2026-02-05 10:55:29');
INSERT INTO kasirs VALUES(129,129,500000,500000,0,'tunai','2026-02-11 06:41:45','2026-02-11 06:42:48');
INSERT INTO kasirs VALUES(130,130,250000,250000,0,'qris','2026-02-11 10:30:58','2026-02-11 10:31:25');
INSERT INTO kasirs VALUES(131,131,250000,0,0,'-','2026-02-11 10:30:58','2026-02-11 10:30:58');
INSERT INTO kasirs VALUES(132,132,250,0,0,'-','2026-02-15 05:13:15','2026-02-15 05:13:15');
INSERT INTO kasirs VALUES(133,133,300,0,0,'-','2026-02-15 05:14:49','2026-02-15 05:14:49');
INSERT INTO kasirs VALUES(134,134,250000,250000,0,'qris','2026-02-15 05:17:47','2026-02-15 05:20:14');
INSERT INTO kasirs VALUES(135,135,300000,300000,0,'tunai','2026-02-15 05:18:39','2026-02-15 05:19:11');
INSERT INTO kasirs VALUES(136,136,400000,400000,0,'qris','2026-02-22 05:07:14','2026-02-22 05:09:23');
INSERT INTO kasirs VALUES(137,137,350000,350000,0,'qris','2026-02-27 09:13:04','2026-02-27 09:14:36');
INSERT INTO kasirs VALUES(138,138,300000,300000,0,'qris','2026-03-02 15:08:36','2026-03-03 05:46:39');
INSERT INTO kasirs VALUES(139,139,50000,50000,0,'qris','2026-03-03 05:45:30','2026-03-03 05:46:03');
INSERT INTO kasirs VALUES(140,140,50000,50000,0,'tunai','2026-03-07 04:47:12','2026-03-07 04:47:46');
INSERT INTO kasirs VALUES(141,141,100000,100000,0,'qris','2026-03-07 08:40:32','2026-03-07 08:40:53');
INSERT INTO kasirs VALUES(142,142,200000,200000,0,'tunai','2026-03-07 10:29:36','2026-03-07 10:30:06');
INSERT INTO kasirs VALUES(143,143,100000,100000,0,'qris','2026-03-13 05:23:31','2026-03-13 05:24:09');
INSERT INTO kasirs VALUES(144,144,100000,100000,0,'transfer','2026-03-13 10:01:42','2026-03-14 03:51:04');
INSERT INTO kasirs VALUES(145,145,250000,250000,0,'qris','2026-03-17 04:57:45','2026-03-17 04:59:24');
INSERT INTO kasirs VALUES(146,146,150000,150000,0,'tunai','2026-03-17 09:44:45','2026-03-17 09:45:38');
INSERT INTO kasirs VALUES(147,147,150000,150000,0,'qris','2026-03-17 11:24:25','2026-03-17 11:28:07');
INSERT INTO kasirs VALUES(148,148,100000,100000,0,'qris','2026-03-26 10:53:10','2026-03-26 10:54:04');
INSERT INTO kasirs VALUES(149,149,250000,250000,0,'qris','2026-03-27 09:03:29','2026-03-27 09:03:56');
INSERT INTO kasirs VALUES(150,150,50000,100000,50000,'tunai','2026-03-27 09:27:17','2026-03-27 09:28:11');
INSERT INTO kasirs VALUES(151,151,50000,50000,0,'qris','2026-03-27 12:56:19','2026-03-27 12:56:56');
INSERT INTO kasirs VALUES(152,152,200000,200000,0,'qris','2026-03-28 12:59:35','2026-03-28 13:00:06');
INSERT INTO kasirs VALUES(153,153,175000,175000,0,'tunai','2026-03-28 14:56:36','2026-03-28 14:58:58');
INSERT INTO kasirs VALUES(154,154,150000,200000,50000,'tunai','2026-03-30 12:32:36','2026-03-30 12:32:50');
INSERT INTO kasirs VALUES(155,155,300000,300000,0,'qris','2026-04-03 22:27:47','2026-04-04 05:41:21');
INSERT INTO kasirs VALUES(156,156,400000,400000,0,'qris','2026-04-04 07:12:31','2026-04-04 07:12:53');
INSERT INTO kasirs VALUES(157,157,400000,400000,0,'qris','2026-04-04 11:59:23','2026-04-04 12:00:21');
INSERT INTO kasirs VALUES(158,158,125000,125000,0,'qris','2026-04-08 09:01:23','2026-04-08 09:02:12');
INSERT INTO kasirs VALUES(159,159,200000,200000,0,'qris','2026-04-10 01:46:55','2026-04-10 05:25:54');
INSERT INTO kasirs VALUES(160,160,200000,200000,0,'qris','2026-04-10 11:03:48','2026-04-10 11:06:11');
INSERT INTO kasirs VALUES(161,161,350000,350000,0,'qris','2026-04-11 10:59:54','2026-04-11 11:03:46');
INSERT INTO kasirs VALUES(162,162,100000,100000,0,'tunai','2026-04-18 11:41:20','2026-04-18 11:41:47');
INSERT INTO kasirs VALUES(163,163,250,0,0,'-','2026-04-19 04:09:16','2026-04-19 04:09:16');
INSERT INTO kasirs VALUES(164,164,100,0,0,'-','2026-04-19 04:10:10','2026-04-19 04:10:10');
INSERT INTO kasirs VALUES(165,165,250000,250000,0,'tunai','2026-04-19 04:13:09','2026-04-19 04:15:40');
INSERT INTO kasirs VALUES(166,166,100000,100000,0,'tunai','2026-04-19 04:13:47','2026-04-19 04:15:29');
CREATE TABLE IF NOT EXISTS "laporan_keuangans" ("id" integer primary key autoincrement not null, "kasir_id" integer not null, "total_transaksi" numeric not null, "tanggal" date not null, "created_at" datetime, "updated_at" datetime, foreign key("kasir_id") references "kasirs"("id") on delete cascade);
CREATE TABLE IF NOT EXISTS "tindakans" ("id" integer primary key autoincrement not null, "dokter_id" integer not null, "pasien_id" integer not null, "tanggal_visit" date not null, "jam" time not null, "tindakan" varchar not null, "pemakaian_obat" text, "tindak_lanjut" text, "created_at" datetime, "updated_at" datetime, foreign key("dokter_id") references "dokters"("id_dokter") on delete cascade, foreign key("pasien_id") references "pasiens"("id_pasien") on delete cascade);
INSERT INTO tindakans VALUES(2,4,2,'2025-03-14','09:30',replace(replace('S : px datang keluhan sakit gigi berdenyut pada gigi kanan belakang sejak pagi, belum mengonsumsi obat apapun\r\nO : gigi 18 kp p : - d : - \r\nA : pulpitis irreversible\r\nP : ROP','\r',char(13)),'\n',char(10)),replace(replace('Tkf + TS\r\nAnalgesik','\r',char(13)),'\n',char(10)),'Kontrol 7 hari','2025-03-14 10:13:05','2025-03-14 10:13:05');
INSERT INTO tindakans VALUES(3,2,3,'2025-03-28','16:15',replace(replace('S: Scalling RA RB\r\nO: Kalkulus RA RB\r\n11 Pulpitis\r\nA: Gingivitis Kronis\r\nP: Scalling RA RB','\r',char(13)),'\n',char(10)),'-','T. KOMPOSIT 11','2025-03-28 10:52:05','2025-03-28 10:52:05');
INSERT INTO tindakans VALUES(4,2,3,'2025-03-28','16:15',replace(replace('S: Px ingin membersihkan karang gigi\r\nO: Kalkulus RA RB\r\n11 KP P/D -/-\r\nA: Gingivitis Kronis\r\n11 Pulpitis Reversible\r\nP: Scalling\r\nT.Komposit 11','\r',char(13)),'\n',char(10)),'--','Kontrol bila ada keluhan','2025-03-28 11:15:22','2025-03-28 11:15:22');
INSERT INTO tindakans VALUES(5,2,4,'2025-03-28','20:30',replace(replace('S: Gigi bawah kiri goyang, tidak nyaman, ingin cabut\r\nO: 37 Kalkulus (+) goyang derajat 2\r\nA: Periodontitis kronis 37','\r',char(13)),'\n',char(10)),'-','KIE post exo','2025-03-28 15:27:52','2025-03-28 15:27:52');
INSERT INTO tindakans VALUES(6,2,5,'2025-03-28','19:00',replace(replace('S: Px ingin kontrol jahitan post-odon + scalling\r\nO: 2 jahitan area 38 TAA, kalkulus RA RB\r\nA: Gingivitis kronis\r\nP: Buka jahitan + scalling','\r',char(13)),'\n',char(10)),'-','Kontrol bila ada keluhan','2025-04-07 02:50:14','2025-04-07 02:50:14');
INSERT INTO tindakans VALUES(7,2,6,'2025-03-28','19:20',replace(replace('S: Px ingin scalling\r\nO: Kalkulus RA RB\r\nA: Gingivitis Kronis\r\nP: Scalling','\r',char(13)),'\n',char(10)),'-','Kontrol bila ada keluhan','2025-04-07 02:52:23','2025-04-07 02:52:23');
INSERT INTO tindakans VALUES(8,2,7,'2025-04-07','18:00',replace(replace('S: Px ingin cabut gigi\r\nO: 18 KPP\r\nA: 18 PK TAA\r\nP: EXO','\r',char(13)),'\n',char(10)),'-','Kontrol bila ada keluhan','2025-04-07 11:12:18','2025-04-07 11:12:18');
INSERT INTO tindakans VALUES(9,2,3,'2025-04-08','23:40',replace(replace('S: Px ingin menambal gigi\r\nO: 22 KM P/D -/-\r\nA: Pulpitis Reversible\r\nP: T.Komposit 22','\r',char(13)),'\n',char(10)),'-','Kontrol bila ada keluhan','2025-04-08 05:43:51','2025-04-08 05:43:51');
INSERT INTO tindakans VALUES(10,4,8,'2025-04-08','07:25','Penambalan gigi. Pasien datang dengan keluhan gigi berjarak dan sering terselip makanan. Sebelumnya sudah pernah dilakukan penambalan tapi terlepas.','-','Dilakukan penambalan komposit. Kontrol jika terdapat keluhan','2025-04-08 14:11:20','2025-04-08 14:11:20');
INSERT INTO tindakans VALUES(11,4,9,'2025-04-08','08:11',replace(replace('S : datang untuk pembersihan karang gigi\r\nO : gusi kemerahan kalkulus (+)\r\nA : gingivitis\r\nP : scalling','\r',char(13)),'\n',char(10)),NULL,'Scalling','2025-04-08 14:13:28','2025-04-08 14:13:28');
INSERT INTO tindakans VALUES(12,4,10,'2025-04-10','20:06','Penambalan gigi 36 dan rop gigi 27','Kaldik','Kontrol','2025-04-10 14:08:24','2025-04-10 14:08:24');
INSERT INTO tindakans VALUES(13,2,3,'2025-04-12','16:38',replace(replace('S: Tambal gigi depan atas\r\nO: 12 23 KM\r\nA: Pulpitis Reversible\r\nP: T.Komposit 12 23','\r',char(13)),'\n',char(10)),'-','Kontrol bila ada keluhan','2025-04-12 10:48:52','2025-04-12 10:48:52');
INSERT INTO tindakans VALUES(14,4,11,'2025-04-16','19:10','Scalling dan cabut gigi susu','Natrium diclofenat',NULL,'2025-04-16 13:11:19','2025-04-16 13:11:19');
INSERT INTO tindakans VALUES(15,2,12,'2025-04-19','20:15',replace(replace('Px ingin cabut gigi\r\n46 SA mesial','\r',char(13)),'\n',char(10)),'-','Kontrol bila ada keluhan','2025-04-19 13:52:16','2025-04-19 13:52:16');
INSERT INTO tindakans VALUES(16,2,12,'2025-04-26','20:32',replace(replace('Px ingin cabut gigi\r\n38 SA P/D -/-','\r',char(13)),'\n',char(10)),'-','Kontrol bila ada keluhan','2025-04-26 13:36:40','2025-04-26 13:36:40');
INSERT INTO tindakans VALUES(17,2,13,'2025-04-29','10:29',replace(replace('Px ingin scalling\r\nKalkulus, 16 KM P/D -/-','\r',char(13)),'\n',char(10)),'-','Kontrol jika ada keluhan','2025-04-29 05:04:28','2025-04-29 05:04:28');
INSERT INTO tindakans VALUES(18,2,14,'2025-05-02','20:05',replace(replace('Gigi atas kiri goyang\r\n63 goyang derajat 3, SA pecahan 64','\r',char(13)),'\n',char(10)),'-','Kontrol bila ada keluhan','2025-05-02 13:07:05','2025-05-02 13:07:05');
INSERT INTO tindakans VALUES(19,3,15,'2025-05-08','13:30',replace(replace('S: pasien ingin membersihkan karang gigi\r\nO: kalkulus supra dan subgingiva','\r',char(13)),'\n',char(10)),'TAA',NULL,'2025-05-08 07:09:32','2025-05-08 07:09:32');
INSERT INTO tindakans VALUES(20,4,16,'2025-05-08','19:15',replace(replace('S : ingin dilakukan Scalling ( karang gigi (+)dan pencabutan ( gigi goyang)\r\nO : kalkulus (+) gigi 46 goyang °1\r\nA : gingivitis ; gigi 46 NP','\r',char(13)),'\n',char(10)),'Analgesik','Kontrol jika ada keluhan','2025-05-08 13:09:24','2025-05-08 13:09:24');
INSERT INTO tindakans VALUES(21,4,17,'2025-05-13','19:27','Scalling','-','Rujuk ro untuk gigi 38','2025-05-13 12:28:11','2025-05-13 12:28:11');
INSERT INTO tindakans VALUES(22,4,18,'2025-05-15','19:00','Gigi berlubang (ROP)',NULL,NULL,'2025-05-15 12:35:29','2025-05-15 12:35:29');
INSERT INTO tindakans VALUES(23,4,19,'2025-05-23','11:01','Densistasi post pencabutan gigi 23 dan 25 dan potong kawat','Varnish','Kontrol jika ada keluhan','2025-05-23 04:03:15','2025-05-23 04:03:15');
INSERT INTO tindakans VALUES(24,2,20,'2025-05-24','15:14',replace(replace('Gigi kiri bawah ngilu\r\n36 T.Komposit karies sekunder P/D -/-\r\nPulpitis Reversible','\r',char(13)),'\n',char(10)),'-','Kontrol 1 minggu','2025-05-24 07:20:48','2025-05-24 07:20:48');
INSERT INTO tindakans VALUES(25,4,21,'2025-05-24','02:33',replace(replace('Scalling berat\r\nKalkulus (+)','\r',char(13)),'\n',char(10)),'-','-','2025-05-24 08:34:14','2025-05-24 08:34:14');
INSERT INTO tindakans VALUES(26,2,20,'2025-05-31','14:00',replace(replace('Kontrol gigi bawah kiri TAA\r\nT.Komposit 36','\r',char(13)),'\n',char(10)),'-','Kontrol bila ada keluhan','2025-05-31 07:57:15','2025-05-31 07:57:15');
INSERT INTO tindakans VALUES(27,2,22,'2025-05-31','19:00','Gigi 17 goyang 2 derajat','Nadic VI',NULL,'2025-05-31 12:55:10','2025-05-31 12:55:10');
INSERT INTO tindakans VALUES(28,2,23,'2025-06-02','20:00','Cabut gigi','-','-','2025-06-02 13:16:05','2025-06-02 13:16:05');
INSERT INTO tindakans VALUES(29,4,24,'2025-06-10','21:07','Pemcabutan gigi atas goyang','Asam mefenamat, anastesi',NULL,'2025-06-10 14:08:07','2025-06-10 14:08:07');
INSERT INTO tindakans VALUES(30,4,25,'2025-06-11','18:52',replace(replace('Pencabutan gigi\r\nS : ingin memncabutkan gigi sisa akar yg menyebabkan bau mulut\r\nO : gigi 47 gr perkusi tekan (-)\r\nA : PK OK GR','\r',char(13)),'\n',char(10)),'Anastesi, analgesik (asmef)',NULL,'2025-06-11 11:54:23','2025-06-11 11:54:23');
INSERT INTO tindakans VALUES(31,4,26,'2025-06-12','20:16','Pencabutan gigi',NULL,NULL,'2025-06-12 13:17:48','2025-06-12 13:17:48');
INSERT INTO tindakans VALUES(32,2,13,'2025-06-14','16:20',replace(replace('Gigi yang ditambal ngilu saat minum\r\n16 Komposit P/D -/-','\r',char(13)),'\n',char(10)),'-','Kontrol bila ada keluhan','2025-06-14 10:47:57','2025-06-14 10:47:57');
INSERT INTO tindakans VALUES(33,2,27,'2025-06-16','09:45','Kalkulus +','-','-','2025-06-16 04:21:05','2025-06-16 04:21:05');
INSERT INTO tindakans VALUES(34,4,8,'2025-06-17','15:40',replace(replace('Penambalan gigi \r\nS: ingin menambal gigi 45 dan 47 berlubang\r\nO : gigi 47 perkusi tekan (-) kp\r\nA : pulpitis reversible\r\nP : tumpat gic','\r',char(13)),'\n',char(10)),NULL,NULL,'2025-06-17 08:43:20','2025-06-17 08:43:20');
INSERT INTO tindakans VALUES(35,4,8,'2025-06-17','15:40',replace(replace('Penambalan gigi \r\nS: ingin menambal gigi 45 dan 47 berlubang\r\nO : gigi 47 perkusi tekan (-) kp\r\nA : pulpitis reversible\r\nP : tumpat gic','\r',char(13)),'\n',char(10)),NULL,NULL,'2025-06-17 08:43:20','2025-06-17 08:43:20');
INSERT INTO tindakans VALUES(36,2,28,'2025-06-21','16:00','Px ingin scalling','-','-','2025-06-23 02:52:48','2025-06-23 02:52:48');
INSERT INTO tindakans VALUES(37,2,29,'2025-06-23','23:40','Scalling','-','-','2025-06-23 05:33:30','2025-06-23 05:33:30');
INSERT INTO tindakans VALUES(38,3,30,'2025-06-25','13:15','px ingin cabut gigi, punya riwayat jantung','obat jantung',replace(replace('dilakukan trepanasi dan chkm+ts\r\npro ekso dengan surat keterangan dari sp.JP','\r',char(13)),'\n',char(10)),'2025-06-25 07:06:27','2025-06-25 07:06:27');
INSERT INTO tindakans VALUES(39,4,31,'2025-06-25','04:30',replace(replace('S :Penambalan gigi depan\r\nO: gigi 11 21 km \r\nA : pulputis reversible gigi 11 21\r\nP : tumpat resin komposit','\r',char(13)),'\n',char(10)),NULL,NULL,'2025-06-25 11:39:33','2025-06-25 11:39:33');
INSERT INTO tindakans VALUES(40,3,32,'2025-06-26','12:15',replace(replace('S: ingin cabut gigi sisa akar, sebelumnya pernah bengkak besar di pipi +- 2 bulan lalu dan sudah minum obat, kondisi saat ini tidak sakit\r\nO: gigi 46 gangren radix post abses ekstraoral, terdapat jaringan parut','\r',char(13)),'\n',char(10)),'tidak ada','P: ekso citoject disertai separasi','2025-06-26 05:52:37','2025-06-26 05:52:37');
INSERT INTO tindakans VALUES(41,2,33,'2025-06-30','09:28','Px ingin cabut gigi','-','-','2025-06-30 02:29:26','2025-06-30 02:29:26');
INSERT INTO tindakans VALUES(42,3,34,'2025-07-02','14:25',replace(replace('S: pasien mengeluhkan gigi atas belakang cenut-cenut kurang lebih 5 hari dan minum antinyeri, sudah rapuh dan ingin dicabut\r\nO: gigi 16 sisa 1/3 mahkota, terdapat kalkulus subgingiva, perkusi (+)\r\nA: pulpitis irrever gigi 16','\r',char(13)),'\n',char(10)),'tidak ada','pencabutan citoject','2025-07-02 12:19:45','2025-07-02 12:19:45');
INSERT INTO tindakans VALUES(43,2,35,'2025-07-05','19:44','Konsultasi + cek kamera IO',replace(replace('Amox\r\nAsmef','\r',char(13)),'\n',char(10)),'OPG','2025-07-05 12:45:18','2025-07-05 12:45:18');
INSERT INTO tindakans VALUES(44,2,36,'2025-07-07','15:20','Ingin scalling','-','-','2025-07-07 09:21:00','2025-07-07 09:21:00');
INSERT INTO tindakans VALUES(45,4,37,'2025-07-08','19:42','Scalling + ROP',replace(replace('Eu + tkf + TS\r\nKaldik + paracetamol','\r',char(13)),'\n',char(10)),'Kontrol 7 hr','2025-07-08 13:43:21','2025-07-08 13:43:21');
INSERT INTO tindakans VALUES(46,4,38,'2025-07-08','20:09','Tambal gigi 74 84 85',NULL,NULL,'2025-07-08 14:11:02','2025-07-08 14:11:02');
INSERT INTO tindakans VALUES(47,4,39,'2025-07-16','18:28','Kontrol ortho',NULL,NULL,'2025-07-16 12:29:39','2025-07-16 12:29:39');
INSERT INTO tindakans VALUES(48,4,40,'2025-07-29','19:25','Insisi medikasi',NULL,NULL,'2025-07-29 12:26:05','2025-07-29 12:26:05');
INSERT INTO tindakans VALUES(49,2,41,'2025-08-02','19:01',replace(replace('Ingin cabut gigi yang pernah bengkak\r\n36 KPP P/D -/-','\r',char(13)),'\n',char(10)),'ASMEF NO.VI',NULL,'2025-08-02 13:02:12','2025-08-02 13:02:12');
INSERT INTO tindakans VALUES(50,4,42,'2025-08-19','17:18',replace(replace('Tambal gigi belakang 16 KP ngilu \r\nTambal gigi belakang 17 KS','\r',char(13)),'\n',char(10)),NULL,'Observasi gigi 16','2025-08-19 10:20:23','2025-08-19 10:20:23');
INSERT INTO tindakans VALUES(51,3,43,'2025-08-21','13:40',replace(replace('S: keluhan gigi belakang kiri berlubang, ngilu saat kemasukan makanan\r\nO: gigi 37 kavitas bukal dan oklusal, perkusi (-)\r\nA: pulpitis reversible','\r',char(13)),'\n',char(10)),'-','Tambal permanen komposit','2025-08-22 02:21:37','2025-08-22 02:21:37');
INSERT INTO tindakans VALUES(52,4,22,'2025-08-26','19:28','Tumpat gigi 46 tan 47',NULL,'Observasi 47 7 hari','2025-08-26 12:29:05','2025-08-26 12:29:05');
INSERT INTO tindakans VALUES(53,2,44,'2025-09-01','18:50','Tambal Sementara','R/Asmef No.VI','Kontrol H+7','2025-09-01 11:51:14','2025-09-01 11:51:14');
INSERT INTO tindakans VALUES(54,4,45,'2025-09-03','19:14','Pencabutan gr post premed 1 minggu yl','Anastesi, paracetamol',NULL,'2025-09-03 12:15:21','2025-09-03 12:15:21');
INSERT INTO tindakans VALUES(55,4,46,'2025-09-06','13:50','Penambalan gigi berlubang 55, 65, 75, 74',NULL,NULL,'2025-09-06 06:59:32','2025-09-06 06:59:32');
INSERT INTO tindakans VALUES(56,2,47,'2025-09-09','13:44',replace(replace('Gigi kiri atas sakit bengkak\r\nIrigasi +Medikasi','\r',char(13)),'\n',char(10)),replace(replace('Amox\r\nIbuprofen','\r',char(13)),'\n',char(10)),'Kontrol H+7','2025-09-09 06:45:38','2025-09-09 06:45:38');
INSERT INTO tindakans VALUES(57,4,48,'2025-09-09','16:17','Penxabutan gigi susu',NULL,NULL,'2025-09-09 09:18:17','2025-09-09 09:18:17');
INSERT INTO tindakans VALUES(58,4,49,'2025-09-19','01:00',replace(replace('S: Sakit gigi geraham bawah kanan sejak 2 hari lalu, sudah minum antinyeri tetap sakit\r\nO : gigi 46 p (-) t (-) sondasi (+)\r\nA : PI gigi 46\r\nP : ROP tkf + eu','\r',char(13)),'\n',char(10)),'Asmef','Kontrol 7 hr','2025-09-19 09:36:58','2025-09-19 09:36:58');
INSERT INTO tindakans VALUES(59,2,49,'2025-09-26','18:30','Kontrol Mumifikasi TAA','-','Kontrol H+7','2025-09-26 11:43:28','2025-09-26 11:43:28');
INSERT INTO tindakans VALUES(60,2,49,'2025-09-26','18:30','Kontrol 46 TS TAA','-','Kontrol H+7','2025-09-26 11:47:14','2025-09-26 11:47:14');
INSERT INTO tindakans VALUES(61,5,50,'2025-09-26','15:00','Pm=embersihan Karang Gigi','Tidak Ada','Kontrol Rutin','2025-09-27 05:50:47','2025-09-27 05:50:47');
INSERT INTO tindakans VALUES(62,3,51,'2025-10-01','12:45','Kontrol behel dengan relutting 35,45 dan tumpatan gigi depan palatal post PSA tidak ada keluhan','taa','kontrol selanjutnya apabila ada keluhan','2025-10-01 06:36:20','2025-10-01 06:36:20');
INSERT INTO tindakans VALUES(63,2,49,'2025-10-03','18:01','Kontrol TS 46','ASMEF VI','Kontrol 47 TS H+7','2025-10-03 11:51:13','2025-10-03 11:51:13');
INSERT INTO tindakans VALUES(64,2,52,'2025-10-07','14:08','Gigi bungsu atas kanan sakit bengkak',replace(replace('Metro X\r\nNadic X','\r',char(13)),'\n',char(10)),'Kontrol H+7 bila ada keluhan','2025-10-07 07:09:54','2025-10-07 07:09:54');
INSERT INTO tindakans VALUES(65,4,53,'2025-10-08','19:02','Ingin dilakukan pembeshan karang gigi',NULL,NULL,'2025-10-09 06:45:38','2025-10-09 06:45:38');
INSERT INTO tindakans VALUES(66,2,49,'2025-10-10','18:00','Kontrol 47 TS TAA','-','KONTROL T KOMPOSIT H+1','2025-10-10 11:52:08','2025-10-10 11:52:08');
INSERT INTO tindakans VALUES(67,2,49,'2025-10-11','18:00','Kontrol TS 47','-','Kontrol bila ada keluhan','2025-10-11 11:44:46','2025-10-11 11:44:46');
INSERT INTO tindakans VALUES(68,5,54,'2025-10-12','10:05',replace(replace('Debridement 36\r\nScaling RA dan RB\r\nTS 46','\r',char(13)),'\n',char(10)),NULL,'Kontrol Rutin','2025-10-13 12:43:55','2025-10-13 12:43:55');
INSERT INTO tindakans VALUES(69,4,55,'2025-10-17','14:11','Gigi berlubang 27 KP dan 48 KP',NULL,NULL,'2025-10-17 07:12:24','2025-10-17 07:12:24');
INSERT INTO tindakans VALUES(70,4,55,'2025-10-17','14:12','Gigi berlubang',NULL,NULL,'2025-10-17 07:13:01','2025-10-17 07:13:01');
INSERT INTO tindakans VALUES(71,2,56,'2025-10-17','17:00',replace(replace('Ingin cabut gigi\r\n46 KP P/D -/+ \r\nsudah KIE ttp ingin exo','\r',char(13)),'\n',char(10)),'-','Kontrol bila ada keluhan','2025-10-17 10:58:18','2025-10-17 10:58:18');
INSERT INTO tindakans VALUES(72,2,57,'2025-10-17','19:00',replace(replace('Gigi terasa ganjel ketika makan\r\n46 T.KOMPOSIT','\r',char(13)),'\n',char(10)),NULL,'Kontrol H+7','2025-10-17 12:37:33','2025-10-17 12:37:33');
INSERT INTO tindakans VALUES(73,2,58,'2025-10-20','19:28','Ingin scalling','-','-','2025-10-20 13:29:45','2025-10-20 13:29:45');
INSERT INTO tindakans VALUES(74,4,59,'2025-10-22','19:06','Scalling',NULL,NULL,'2025-10-22 12:06:43','2025-10-22 12:06:43');
INSERT INTO tindakans VALUES(75,4,61,'2025-10-25','14:36','Trepanasi gigi 16 abses periapikal','Amox (15)','Kontrol 7 hari','2025-10-25 07:37:39','2025-10-25 07:37:39');
INSERT INTO tindakans VALUES(76,2,61,'2025-11-01','18:05',replace(replace('Kontrol Abses 16\r\nTAA','\r',char(13)),'\n',char(10)),'-','-','2025-11-01 11:06:49','2025-11-01 11:06:49');
INSERT INTO tindakans VALUES(77,4,55,'2025-11-04','04:09','Tambal gigi belakang, 27 48 post observasi, perkusi tekan spontan (-)',NULL,NULL,'2025-11-04 10:10:42','2025-11-04 10:10:42');
INSERT INTO tindakans VALUES(78,3,51,'2025-11-05','12:00','kontrol behel, ada yang lepas','TAA',replace(replace('kontrol behel RA RB PO\r\nreluting 35,45','\r',char(13)),'\n',char(10)),'2025-11-05 05:10:34','2025-11-05 05:10:34');
INSERT INTO tindakans VALUES(79,2,62,'2025-11-07','19:00','Sakit gigi','Nadic VI',NULL,'2025-11-07 12:49:39','2025-11-07 12:49:39');
INSERT INTO tindakans VALUES(80,2,64,'2025-11-10','17:14',replace(replace('Sakit gigi bungsu kiri\r\n38 KPP POLIP','\r',char(13)),'\n',char(10)),replace(replace('Amox X\r\nNadic VI','\r',char(13)),'\n',char(10)),'Kontrol H+7','2025-11-10 10:50:24','2025-11-10 10:50:24');
INSERT INTO tindakans VALUES(81,2,65,'2025-11-15','15:55','Scalling','-','-','2025-11-15 09:55:58','2025-11-15 09:55:58');
INSERT INTO tindakans VALUES(82,2,66,'2025-11-15','19:00','Gigi sakit saat kunyah','-','Kontrol H+7','2025-11-15 12:25:47','2025-11-15 12:25:47');
INSERT INTO tindakans VALUES(83,2,64,'2025-11-17','14:00','Kontrol TS POLIP',NULL,'Kontrol H+7','2025-11-17 07:49:19','2025-11-17 07:49:19');
INSERT INTO tindakans VALUES(84,2,66,'2025-11-21','15:15','Kontrol TS 36 TAA',NULL,'Kontrol Sandwich','2025-11-21 08:56:07','2025-11-21 08:56:07');
INSERT INTO tindakans VALUES(85,2,67,'2025-11-21','17:23','Konsultasi POLIP',NULL,NULL,'2025-11-21 10:23:56','2025-11-21 10:23:56');
INSERT INTO tindakans VALUES(86,2,64,'2025-11-25','23:34',replace(replace('Kontrol TS 38\r\nScalling','\r',char(13)),'\n',char(10)),'-','-','2025-11-25 06:08:31','2025-11-25 06:08:31');
INSERT INTO tindakans VALUES(87,2,66,'2025-11-28','16:00','Kontrol 36 SANDWICH','-','-','2025-11-28 09:36:19','2025-11-28 09:36:19');
INSERT INTO tindakans VALUES(88,2,64,'2025-11-28','16:48','Direct Veneer 12','-','-','2025-11-28 11:09:15','2025-11-28 11:09:15');
INSERT INTO tindakans VALUES(89,2,69,'2025-11-29','18:30','Konsultasi Trauma 61',replace(replace('Amox syr\r\nIbuprofen syr','\r',char(13)),'\n',char(10)),NULL,'2025-11-29 12:10:35','2025-11-29 12:10:35');
INSERT INTO tindakans VALUES(90,2,68,'2025-11-29','19:00','Cabut gigi goyang',NULL,NULL,'2025-11-29 12:29:39','2025-11-29 12:29:39');
INSERT INTO tindakans VALUES(91,4,64,'2025-12-02','16:48','Penambalan gigi depan 11 (post tumpat), retumpat anterior aestetic',NULL,NULL,'2025-12-02 09:50:09','2025-12-02 09:50:09');
INSERT INTO tindakans VALUES(92,4,64,'2025-12-02','16:48','Penambalan gigi depan 11 (post tumpat), retumpat anterior aestetic',NULL,NULL,'2025-12-02 09:50:09','2025-12-02 09:50:09');
INSERT INTO tindakans VALUES(93,4,70,'2025-12-06','12:45','Pembersihan karang',NULL,NULL,'2025-12-06 05:45:36','2025-12-06 05:45:36');
INSERT INTO tindakans VALUES(94,2,69,'2025-12-06','19:00','Kontrol + baca RO','-','-','2025-12-06 12:40:32','2025-12-06 12:40:32');
INSERT INTO tindakans VALUES(95,4,71,'2025-12-12','01:30','Pencabutan gigi dan scalling',NULL,NULL,'2025-12-12 10:41:42','2025-12-12 10:41:42');
INSERT INTO tindakans VALUES(96,2,13,'2025-12-15','11:16','Tambal gigi kanan atas bawah','-','-','2025-12-15 05:50:32','2025-12-15 05:50:32');
INSERT INTO tindakans VALUES(97,2,13,'2025-12-16','13:00','Kontrol T.Sandwich 16','-','-','2025-12-16 06:40:23','2025-12-16 06:40:23');
INSERT INTO tindakans VALUES(98,4,9,'2025-12-18','15:56','Pembersihan karang gigi',NULL,NULL,'2025-12-18 08:57:16','2025-12-18 08:57:16');
INSERT INTO tindakans VALUES(99,4,72,'2025-12-18','15:10','Konsultaai gigi berlubang',NULL,NULL,'2025-12-18 23:11:57','2025-12-18 23:11:57');
INSERT INTO tindakans VALUES(100,2,73,'2025-12-22','13:03','Trepanasi + Devit + Eug + TS','Amox syr','Kontrol 7 hari','2025-12-22 07:04:51','2025-12-22 07:04:51');
INSERT INTO tindakans VALUES(101,2,74,'2025-12-26','13:10','Scalling',NULL,NULL,'2025-12-26 07:27:13','2025-12-26 07:27:13');
INSERT INTO tindakans VALUES(102,2,75,'2025-12-27','18:30',replace(replace('Ingin cabut gigi permanen\r\n46 KPP TS (+)\r\nRiwayat abses\r\nKIE jgn cabut dulu','\r',char(13)),'\n',char(10)),'Asmef VI','Kontrol 5 hari','2025-12-27 12:22:48','2025-12-27 12:22:48');
INSERT INTO tindakans VALUES(103,2,76,'2025-12-27','20:00','Periksa karang gigi dan lubang','-','-','2025-12-27 14:11:37','2025-12-27 14:11:37');
INSERT INTO tindakans VALUES(104,2,77,'2025-12-29','12:00','Gigi bawah kanan sakit nyut nyutan','Nadic X',NULL,'2025-12-29 05:58:05','2025-12-29 05:58:05');
INSERT INTO tindakans VALUES(105,2,78,'2025-12-29','15:00','TS PSA lepas','-','-','2025-12-29 08:30:34','2025-12-29 08:30:34');
INSERT INTO tindakans VALUES(106,4,75,'2025-12-31','16:18','Kontrol tambalan, ROP + irigasi +Ts',NULL,NULL,'2025-12-31 10:19:53','2025-12-31 10:19:53');
INSERT INTO tindakans VALUES(107,5,80,'2026-01-04','10:00','scaling dan debridement','antibiotik dan analgesik','kontrol 2 minggu','2026-01-04 03:31:27','2026-01-04 03:31:27');
INSERT INTO tindakans VALUES(108,2,77,'2026-01-05','14:30','Kontrol 46 TS','-','Kontrol H+7','2026-01-05 07:53:01','2026-01-05 07:53:01');
INSERT INTO tindakans VALUES(109,2,81,'2026-01-05','15:36','Konsultasi gusi berdarah','-','-','2026-01-05 08:37:19','2026-01-05 08:37:19');
INSERT INTO tindakans VALUES(110,4,82,'2026-01-07','17:04','Pemcabutan gigi geraham belakang, sudah minun obat dr rumah sakit lain selama 3 hari',NULL,NULL,'2026-01-07 10:04:44','2026-01-07 10:04:44');
INSERT INTO tindakans VALUES(111,4,83,'2026-01-07','18:26',replace(replace('S: Gigi patah saat makan\r\nO: gigi 26 fraktur mahkota (palatal(oklusal-servikal) \r\nA : fraktur mahkota 26\r\nP : anastesi, cabut bagian fraktur, t. Gic, observasi','\r',char(13)),'\n',char(10)),NULL,NULL,'2026-01-07 12:29:28','2026-01-07 12:29:28');
INSERT INTO tindakans VALUES(112,3,84,'2026-01-08','11:30','pemeriksaan retreatment perawatan akar gigi geraham belakang kiri, pernah dilakukan perawatan 2 bulan lalu, saat ini sakit cenut-cenut dan sakit tekan kunyah','TAA','open akses, irigasi NaCl, ekstirpasi, dressing kalsium hidroksida dan TS','2026-01-08 05:38:31','2026-01-08 05:38:31');
INSERT INTO tindakans VALUES(113,4,75,'2026-01-08','18:39',replace(replace('S : kontrol tambalan gigi 46\r\nO : gigi 46 PT (-)\r\nA : nekrosis pulpa\r\nP: Penambalan gigi GIC','\r',char(13)),'\n',char(10)),NULL,NULL,'2026-01-09 11:41:02','2026-01-09 11:41:02');
INSERT INTO tindakans VALUES(114,2,85,'2026-01-10','15:28',replace(replace('Sakit gigi kanan atas\r\n15 16 P/D +/+\r\nBengkak (+)','\r',char(13)),'\n',char(10)),replace(replace('Amox\r\nIbuprofen','\r',char(13)),'\n',char(10)),'Kontrol 7 hari','2026-01-10 09:29:27','2026-01-10 09:29:27');
INSERT INTO tindakans VALUES(115,5,86,'2026-01-11','10:35','relief off pain','tidak ada obat dan hanya premedikasi','kontrol','2026-01-11 03:36:47','2026-01-11 03:36:47');
INSERT INTO tindakans VALUES(116,2,77,'2026-01-12','15:00',replace(replace('Kontrol 46 TS\r\nMasih ngilu saat oklusi','\r',char(13)),'\n',char(10)),'-','Kontrol H+7','2026-01-12 08:30:32','2026-01-12 08:30:32');
INSERT INTO tindakans VALUES(117,5,63,'2026-12-01','22:04','tambal gigi dan cabut gigi','tidak ada obat','Kontrol dan DHE','2026-01-18 03:06:16','2026-01-18 03:06:16');
INSERT INTO tindakans VALUES(118,5,86,'2026-12-01','22:08','tambalan gigi','tidak ada obat','tambalan','2026-01-18 03:22:09','2026-01-18 03:22:09');
INSERT INTO tindakans VALUES(119,5,80,'2026-12-01','22:25','debridement','kontrol perawatan gigi','kontrol dhe','2026-01-18 03:33:12','2026-01-18 03:33:12');
INSERT INTO tindakans VALUES(120,2,77,'2026-01-19','15:08','Kontrol 46 TS','Nadic VI','Kontrol H+7','2026-01-19 09:12:26','2026-01-19 09:12:26');
INSERT INTO tindakans VALUES(121,2,77,'2026-01-24','15:00','Kontrol 46 TS masih ngilu sedikit','-','Kontrol 7 hari','2026-01-24 08:33:13','2026-01-24 08:33:13');
INSERT INTO tindakans VALUES(122,3,83,'2026-01-28','11:30','kontrol gigi post tumpatan GIC dan pembersihan karang gigi','TAA','kontrol apabila ada keluhan','2026-01-28 05:58:46','2026-01-28 05:58:46');
INSERT INTO tindakans VALUES(123,4,22,'2026-01-28','18:32','Pemcabutan gigi goyang pk',replace(replace('Cataflam\r\nAnastesi','\r',char(13)),'\n',char(10)),NULL,'2026-01-28 12:33:10','2026-01-28 12:33:10');
INSERT INTO tindakans VALUES(124,2,77,'2026-01-31','15:05','Kontrol 46 TS (+)','-','-','2026-01-31 08:38:14','2026-01-31 08:38:14');
INSERT INTO tindakans VALUES(125,2,86,'2026-01-02','10:17','tindakan tambal gigi','tidak ada obat','kontrol gigi rutin','2026-02-01 03:35:31','2026-02-01 03:35:31');
INSERT INTO tindakans VALUES(126,5,86,'2026-01-02','22:37','tambalan gigi','tidak ada obat','kontrol rutin','2026-02-01 03:39:20','2026-02-01 03:39:20');
INSERT INTO tindakans VALUES(127,4,87,'2026-02-03','17:48','Pembersihan karang gigi',NULL,NULL,'2026-02-03 10:50:08','2026-02-03 10:50:08');
INSERT INTO tindakans VALUES(128,4,88,'2026-02-05','17:53',replace(replace('Gigi berlubang dan goyang\r\nGigi 28 KP sondasi (+) perkusi positif ekstrusi (+)\r\n28 eu chkm ts \r\nRujuk RO (Pro ekso)','\r',char(13)),'\n',char(10)),NULL,NULL,'2026-02-05 10:55:16','2026-02-05 10:55:16');
INSERT INTO tindakans VALUES(129,3,88,'2026-02-11','13:00','pencabutan gigi bungsu atas kiri, ekstrusi luksasi derajat 1','TAA',NULL,'2026-02-11 06:41:45','2026-02-11 06:41:45');
INSERT INTO tindakans VALUES(130,4,89,'2026-02-11','17:29',replace(replace('Gigi berlubang kiri bawah\r\nS : gigi 74 75 berlubang\r\nO : gigi 74 TAA 72 spontan (+) tekan perkusi (-) \r\nA = gigi 74 pulpitis reversible gihi 75 nekrosis pulpa\r\nP : gigi 74 t gic gigi 75 chkm ts','\r',char(13)),'\n',char(10)),NULL,NULL,'2026-02-11 10:30:58','2026-02-11 10:30:58');
INSERT INTO tindakans VALUES(131,4,89,'2026-02-11','17:29',replace(replace('Gigi berlubang kiri bawah\r\nS : gigi 74 75 berlubang\r\nO : gigi 74 TAA 72 spontan (+) tekan perkusi (-) \r\nA = gigi 74 pulpitis reversible gihi 75 nekrosis pulpa\r\nP : gigi 74 t gic gigi 75 chkm ts','\r',char(13)),'\n',char(10)),NULL,NULL,'2026-02-11 10:30:58','2026-02-11 10:30:58');
INSERT INTO tindakans VALUES(132,5,90,'2026-02-15','10:28','Scaling rahang atas rahang bawah','Tidak ada','Selesai','2026-02-15 05:13:15','2026-02-15 05:13:15');
INSERT INTO tindakans VALUES(133,2,91,'2026-02-15','10:40','Scaling ra dab rb','Tidak ada','Tidak ada','2026-02-15 05:14:49','2026-02-15 05:14:49');
INSERT INTO tindakans VALUES(134,5,90,'2026-02-15','10:40','Scaling','Tidak ada','Tidak ada','2026-02-15 05:17:47','2026-02-15 05:17:47');
INSERT INTO tindakans VALUES(135,5,91,'2026-02-15','10:40','Scaling ra dan rb','Tidak ada','Tidak ada','2026-02-15 05:18:39','2026-02-15 05:18:39');
INSERT INTO tindakans VALUES(136,2,76,'2026-02-23','12:05','Tambal gigi berlubang','-','-','2026-02-22 05:07:14','2026-02-22 05:07:14');
INSERT INTO tindakans VALUES(137,2,92,'2026-02-27','15:12','Ingin cabut gigi',NULL,NULL,'2026-02-27 09:13:04','2026-02-27 09:13:04');
INSERT INTO tindakans VALUES(138,3,20,'2026-02-26','11:06','gigi berlubang bawah kanan dan kiri, tidak ada keluhan','taa','gigi 36 dan 47 tumpat komposit','2026-03-02 15:08:36','2026-03-02 15:08:36');
INSERT INTO tindakans VALUES(139,2,93,'2026-03-03','23:55','Konsultasi hasil RO gigi bungsu kanan bawah',NULL,NULL,'2026-03-03 05:45:30','2026-03-03 05:45:30');
INSERT INTO tindakans VALUES(140,4,94,'2026-03-07','11:46','Konsultasi + medikasi','Analgesik + obat kumur','Rujuk ro','2026-03-07 04:47:12','2026-03-07 04:47:12');
INSERT INTO tindakans VALUES(141,2,95,'2026-03-07','15:39','Ingin cabut gigi goyang',NULL,NULL,'2026-03-07 08:40:32','2026-03-07 08:40:32');
INSERT INTO tindakans VALUES(142,2,96,'2026-03-07','17:10','Gigi kiri bawah lubang dan sakit','Nadic VI','Kontrol H+7','2026-03-07 10:29:36','2026-03-07 10:29:36');
INSERT INTO tindakans VALUES(143,4,97,'2026-03-13','12:22','Kontrol behel RA reluthing 21 pre 3',NULL,NULL,'2026-03-13 05:23:31','2026-03-13 05:23:31');
INSERT INTO tindakans VALUES(144,2,98,'2026-03-13','16:00',replace(replace('Kontrol behel + reluting 25\r\nGanti Power O + Powerchain 24 25','\r',char(13)),'\n',char(10)),NULL,NULL,'2026-03-13 10:01:42','2026-03-13 10:01:42');
INSERT INTO tindakans VALUES(145,2,99,'2026-03-17','11:00','Ingin cabut gigi dan pembersihan karang','-','-','2026-03-17 04:57:45','2026-03-17 04:57:45');
INSERT INTO tindakans VALUES(146,4,96,'2026-03-17','16:43',replace(replace('Kontrol ts\r\n36 kpp perkusi tekan (+) perdarahan (+)','\r',char(13)),'\n',char(10)),'Analgesik',NULL,'2026-03-17 09:44:45','2026-03-17 09:44:45');
INSERT INTO tindakans VALUES(147,4,72,'2026-03-17','18:23','Gigi 74 post bengkak',NULL,NULL,'2026-03-17 11:24:25','2026-03-17 11:24:25');
INSERT INTO tindakans VALUES(148,5,101,'2026-03-26','17:51','kontrol periksa gigi 46 abses ektra oral','clinda 2dd1, metro 3dd1, cataflam 2dd1','kontrol 3 hari lagi','2026-03-26 10:53:10','2026-03-26 10:53:10');
INSERT INTO tindakans VALUES(149,2,99,'2026-03-27','15:02','Ingin cabut gigi bawah kiri','Nadic VI',NULL,'2026-03-27 09:03:29','2026-03-27 09:03:29');
INSERT INTO tindakans VALUES(150,2,102,'2026-03-27','16:26',replace(replace('Konsultasi ingin cabut gigi\r\nAbses (+)','\r',char(13)),'\n',char(10)),'Amox X',NULL,'2026-03-27 09:27:17','2026-03-27 09:27:17');
INSERT INTO tindakans VALUES(151,2,103,'2026-03-27','19:55','Konsul sakit gigi kanan atas','Nadic X',NULL,'2026-03-27 12:56:19','2026-03-27 12:56:19');
INSERT INTO tindakans VALUES(152,2,103,'2026-03-28','19:15',replace(replace('Kontrol sakit gigi + baca RO\r\n47 KP 48 impaksi','\r',char(13)),'\n',char(10)),NULL,'Kontrol pro-PSA','2026-03-28 12:59:35','2026-03-28 12:59:35');
INSERT INTO tindakans VALUES(153,2,104,'2026-03-28','19:55','Kontrol behel','-','-','2026-03-28 14:56:36','2026-03-28 14:56:36');
INSERT INTO tindakans VALUES(154,2,100,'2026-03-30','19:05','Ingin tambal gigi lubang',NULL,'Kontrol pro-permanen klo TAA','2026-03-30 12:32:36','2026-03-30 12:32:36');
INSERT INTO tindakans VALUES(155,4,105,'2026-04-01','15:25',replace(replace('S : ingin scalking dan tambal\r\nO : karang gigi (+) ra rb; kavitas klas V gigi 14\r\nA : ginggivitis ra rb ; KM gigi 14\r\nP : scalling ra rb ; tumpat gic','\r',char(13)),'\n',char(10)),NULL,NULL,'2026-04-03 22:27:47','2026-04-03 22:27:47');
INSERT INTO tindakans VALUES(156,4,12,'2026-04-04','14:09',replace(replace('S: Tambal gigi depan patah dan belakang kiri\r\nO : gigi 12 NP; gigi 45 NP\r\nA :  gifi 12 klas IV previously treated; gigi 45 kpp\r\nP : 12 tumpat RK ; gigi 45 TS','\r',char(13)),'\n',char(10)),NULL,NULL,'2026-04-04 07:12:30','2026-04-04 07:12:30');
INSERT INTO tindakans VALUES(157,2,106,'2026-04-04','18:00','scaling, tambal sementara gigi 16','-','kontrol','2026-04-04 11:59:23','2026-04-04 11:59:23');
INSERT INTO tindakans VALUES(158,4,72,'2026-04-07','16:00','Penambalan ulang gigi geraham bawah karena lepas',NULL,NULL,'2026-04-08 09:01:23','2026-04-08 09:01:23');
INSERT INTO tindakans VALUES(159,4,100,'2026-04-09','18:46','Kontrol tambalan',NULL,NULL,'2026-04-10 01:46:55','2026-04-10 01:46:55');
INSERT INTO tindakans VALUES(160,2,109,'2026-04-10','17:02','Kontrol behel','-',NULL,'2026-04-10 11:03:48','2026-04-10 11:03:48');
INSERT INTO tindakans VALUES(161,2,76,'2026-04-11','16:11','Direct veneer',NULL,NULL,'2026-04-11 10:59:54','2026-04-11 10:59:54');
INSERT INTO tindakans VALUES(162,2,110,'2026-04-18','18:01',replace(replace('Kontrol post odon\r\nLuka bukal masih terbuka 3 jahitan absorbable','\r',char(13)),'\n',char(10)),'Dexa 0,5 No.X','Kontrol','2026-04-18 11:41:20','2026-04-18 11:41:20');
INSERT INTO tindakans VALUES(163,5,111,'2026-04-19','10:00','cetak model anatomis rahang atas dan bawah','tidak ada','pasang gigi tiruan','2026-04-19 04:09:16','2026-04-19 04:09:16');
INSERT INTO tindakans VALUES(164,2,112,'2026-04-19','10:00','cabut gigi anak','tidak ada','selesai','2026-04-19 04:10:10','2026-04-19 04:10:10');
INSERT INTO tindakans VALUES(165,2,111,'2026-04-19','10:00','cetakmodel anatomis rahang atas dan bawah','tidak ada','insersi','2026-04-19 04:13:09','2026-04-19 04:13:09');
INSERT INTO tindakans VALUES(166,2,112,'2026-04-19','10:00','cabut gigi anak','tidak ada','selesai','2026-04-19 04:13:47','2026-04-19 04:13:47');
CREATE TABLE IF NOT EXISTS "kasuses" ("id" integer primary key autoincrement not null, "tindakan_id" integer not null, "kasus" varchar not null, "diagnosa" varchar not null, "tindakan_khusus" varchar not null, "biaya" numeric not null, "created_at" datetime, "updated_at" datetime, foreign key("tindakan_id") references "tindakans"("id") on delete cascade);
INSERT INTO kasuses VALUES(9,2,'Gigi berlubang','Pulpitis irreversible','rop',50000,'2025-03-14 10:13:05','2025-03-14 10:13:05');
INSERT INTO kasuses VALUES(14,3,'Kalkulus RA RB','Gingivitis Kronis','Scalling',200000,'2025-03-28 11:31:16','2025-03-28 11:31:16');
INSERT INTO kasuses VALUES(15,3,'11 KP','Pulpitis Reversible','T.Komposit 11',250000,'2025-03-28 11:31:16','2025-03-28 11:31:16');
INSERT INTO kasuses VALUES(16,4,'Kalkulus RA RB','Gingivitis Kronis','Scalling',0,'2025-03-28 11:38:17','2025-03-28 11:38:17');
INSERT INTO kasuses VALUES(17,4,'11 KP','Pulpitis Reversible','T.Komposit 11',0,'2025-03-28 11:38:17','2025-03-28 11:38:17');
INSERT INTO kasuses VALUES(18,5,'38 goyang derajat 2','Periodontitis kronis','Exo 37',100000,'2025-03-28 15:27:52','2025-03-28 15:27:52');
INSERT INTO kasuses VALUES(19,6,'Jahitan post-odon 38','Post-odon TAA','Buka jahitan',50000,'2025-04-07 02:50:14','2025-04-07 02:50:14');
INSERT INTO kasuses VALUES(20,6,'Kalkulus','Gingivitis Kronis','Scalling',200000,'2025-04-07 02:50:14','2025-04-07 02:50:14');
INSERT INTO kasuses VALUES(21,7,'Kalkulus','Gingivitis Kronis','Scalling',250000,'2025-04-07 02:52:23','2025-04-07 02:52:23');
INSERT INTO kasuses VALUES(22,8,'18 ĶPP','PK','Exo 18',100000,'2025-04-07 11:12:18','2025-04-07 11:12:18');
INSERT INTO kasuses VALUES(23,9,'22 KM','Pulpitis Reversible','T.Komposit 22',250000,'2025-04-08 05:43:51','2025-04-08 05:43:51');
INSERT INTO kasuses VALUES(24,10,'Gigi berlubang','Pulpitis reversible','Tumpat komposit posterior',200000,'2025-04-08 14:11:20','2025-04-08 14:11:20');
INSERT INTO kasuses VALUES(25,11,'Karang gigi','Gingivitis','Scalling',200000,'2025-04-08 14:13:28','2025-04-08 14:13:28');
INSERT INTO kasuses VALUES(26,12,'Gigi berlubang','Pulpitis reversible','Tumpat komposit posterior',200000,'2025-04-10 14:08:24','2025-04-10 14:08:24');
INSERT INTO kasuses VALUES(27,12,'Gigi sakit','Pulpitis irreversible','rop',50000,'2025-04-10 14:08:24','2025-04-10 14:08:24');
INSERT INTO kasuses VALUES(28,13,'12 23 KM','Pulpitis Reversible','T.Komposit 12 23',500000,'2025-04-12 10:48:52','2025-04-12 10:48:52');
INSERT INTO kasuses VALUES(29,14,'Karang gigi','Gingivitis','Scalling',200000,'2025-04-16 13:11:19','2025-04-16 13:11:19');
INSERT INTO kasuses VALUES(30,14,'Gigi goyang','Persistensi','Exo',100000,'2025-04-16 13:11:19','2025-04-16 13:11:19');
INSERT INTO kasuses VALUES(31,15,'13 SA','Periodontitis kronis','Exo 13',100000,'2025-04-19 13:52:16','2025-04-19 13:52:16');
INSERT INTO kasuses VALUES(32,16,'38 SA','Periodontitis kronis','Exo 38',100000,'2025-04-26 13:36:40','2025-04-26 13:36:40');
INSERT INTO kasuses VALUES(33,17,'Kalkulus RA RB','Gingivitis Kronis','Scalling',250000,'2025-04-29 05:04:28','2025-04-29 05:04:28');
INSERT INTO kasuses VALUES(34,17,'16 KM','Pulpitis Reversible','T.Komposit 16',200000,'2025-04-29 05:04:28','2025-04-29 05:04:28');
INSERT INTO kasuses VALUES(35,18,'63 64 Persistensi','Persistensi','Exo CE 63',75000,'2025-05-02 13:07:05','2025-05-02 13:07:05');
INSERT INTO kasuses VALUES(36,19,'Kalkulus','Gingivitis','Scalling',200000,'2025-05-08 07:09:32','2025-05-08 07:09:32');
INSERT INTO kasuses VALUES(37,20,'Karang gigi','Gingivitis','Scalling',200000,'2025-05-08 13:09:24','2025-05-08 13:09:24');
INSERT INTO kasuses VALUES(38,20,'Gigi goyang','Nekrosis pulpa','Pencabutan',150000,'2025-05-08 13:09:24','2025-05-08 13:09:24');
INSERT INTO kasuses VALUES(39,21,'Karang gigi','Gingivitis','Scalling',200000,'2025-05-13 12:28:11','2025-05-13 12:28:11');
INSERT INTO kasuses VALUES(40,22,'Gigi berlubang','Pulpitis irreversible','rop',50000,'2025-05-15 12:35:29','2025-05-15 12:35:29');
INSERT INTO kasuses VALUES(41,23,'Gigi ngilu','Resesi gingiva','Desensitasi',150000,'2025-05-23 04:03:15','2025-05-23 04:03:15');
INSERT INTO kasuses VALUES(42,23,'Potong kawat','Maloklusi','Potong kawat',50000,'2025-05-23 04:03:15','2025-05-23 04:03:15');
INSERT INTO kasuses VALUES(43,24,'36 karies sekunder','Pulpitis Reversible','Basis GI',150000,'2025-05-24 07:20:48','2025-05-24 07:20:48');
INSERT INTO kasuses VALUES(44,25,'Karang gigi','Gingivitis','Scalling',250000,'2025-05-24 08:34:14','2025-05-24 08:34:14');
INSERT INTO kasuses VALUES(45,26,'36 basis GIC','Pulpitis Reversible','T. Komposit 36',200000,'2025-05-31 07:57:15','2025-05-31 07:57:15');
INSERT INTO kasuses VALUES(46,27,'17 GOYANG','Periodontitis Kronis','Cabut',150000,'2025-05-31 12:55:10','2025-05-31 12:55:10');
INSERT INTO kasuses VALUES(47,28,'85 persistensi','Persistensi','EXO CE 85',50000,'2025-06-02 13:16:06','2025-06-02 13:16:06');
INSERT INTO kasuses VALUES(48,29,'Gigi berlubang','Nekrosis pulpa','Pencabutan',100000,'2025-06-10 14:08:07','2025-06-10 14:08:07');
INSERT INTO kasuses VALUES(49,30,'Sisa akar','Periodontitis kronis ok gr','Pencabutan',150000,'2025-06-11 11:54:23','2025-06-11 11:54:23');
INSERT INTO kasuses VALUES(50,31,'Pencabutan gigi','Persistensi gigi','Pencabutan',100000,'2025-06-12 13:17:48','2025-06-12 13:17:48');
INSERT INTO kasuses VALUES(51,32,'16 T.Komposit','Pulpitis Reversible','T.Komposit 16',250000,'2025-06-14 10:47:57','2025-06-14 10:47:57');
INSERT INTO kasuses VALUES(52,33,'Kalkulus RA RB','Gingivitis Kronis','Scalling',250000,'2025-06-16 04:21:05','2025-06-16 04:21:05');
INSERT INTO kasuses VALUES(53,34,'Tambal gigi','Pulpitis reversible','Tumpat resin komposit',200000,'2025-06-17 08:43:20','2025-06-17 08:43:20');
INSERT INTO kasuses VALUES(54,34,'Tambal gigi','Pulpitis reversible','Tumpat gic',150000,'2025-06-17 08:43:20','2025-06-17 08:43:20');
INSERT INTO kasuses VALUES(55,35,'Tambal gigi','Pulpitis reversible','Tumpat resin komposit',200000,'2025-06-17 08:43:20','2025-06-17 08:43:20');
INSERT INTO kasuses VALUES(56,35,'Tambal gigi','Pulpitis reversible','Tumpat gic',150000,'2025-06-17 08:43:20','2025-06-17 08:43:20');
INSERT INTO kasuses VALUES(57,36,'Kalkulus RA RB','Gingivitis Kronis','Scalling',150000,'2025-06-23 02:52:48','2025-06-23 02:52:48');
INSERT INTO kasuses VALUES(58,37,'Kalkulus RA RB','Gingivitis Kronis','Scalling',250000,'2025-06-23 05:33:30','2025-06-23 05:33:30');
INSERT INTO kasuses VALUES(59,38,'gigi 27, KPP','nekrosis','trepanasi, chkm,ts',150000,'2025-06-25 07:06:27','2025-06-25 07:06:27');
INSERT INTO kasuses VALUES(60,39,'Gigi berlubang','Pulpitis reversible','Tumpat komposit',300000,'2025-06-25 11:39:33','2025-06-25 11:39:33');
INSERT INTO kasuses VALUES(61,40,'sisa akar','gangren radiks','pencabutan',250000,'2025-06-26 05:52:37','2025-06-26 05:52:37');
INSERT INTO kasuses VALUES(62,41,'61 persistensi','Persistensi','exo 62',75000,'2025-06-30 02:29:26','2025-06-30 02:29:26');
INSERT INTO kasuses VALUES(63,42,'gigi berlubang','pulpitis irreversible','pencabutan',250000,'2025-07-02 12:19:45','2025-07-02 12:19:45');
INSERT INTO kasuses VALUES(64,43,'24 goyang','Abses periapikal','Konsul',25000,'2025-07-05 12:45:18','2025-07-05 12:45:18');
INSERT INTO kasuses VALUES(65,44,'Kalkulus RA RB','Gingivitis Kronis','Scalling',250000,'2025-07-07 09:21:00','2025-07-07 09:21:00');
INSERT INTO kasuses VALUES(66,45,'Gigi berlubang','Pulpitis irreversible','rop',50000,'2025-07-08 13:43:21','2025-07-08 13:43:21');
INSERT INTO kasuses VALUES(67,45,'Karang gigi','Gingivitis','Scalling',200000,'2025-07-08 13:43:21','2025-07-08 13:43:21');
INSERT INTO kasuses VALUES(68,46,'Gigi berlubang 74','Pulpitis reversible','Tumpat resin komposit',200000,'2025-07-08 14:11:02','2025-07-08 14:11:02');
INSERT INTO kasuses VALUES(69,46,'Gigi berlubang 84','Pulpitis reversible','Tumpat komposit',200000,'2025-07-08 14:11:02','2025-07-08 14:11:02');
INSERT INTO kasuses VALUES(70,46,'Gigi berlubang 85','Pulpitis reversible','Tumpat komposit posterior',200000,'2025-07-08 14:11:02','2025-07-08 14:11:02');
INSERT INTO kasuses VALUES(71,47,'Kontrol ortho','Maloklusi','Kontrol, elastic',100000,'2025-07-16 12:29:39','2025-07-16 12:29:39');
INSERT INTO kasuses VALUES(72,48,'Abses','Abses inttaoral','Insisi',150000,'2025-07-29 12:26:05','2025-07-29 12:26:05');
INSERT INTO kasuses VALUES(73,49,'36 KPP','Nekrosis Pulpa','Exo 36',250000,'2025-08-02 13:02:12','2025-08-02 13:02:12');
INSERT INTO kasuses VALUES(74,50,'Gigi berlubang','Pulpitis reversible','Tumpat komposit posterior',200000,'2025-08-19 10:20:23','2025-08-19 10:20:23');
INSERT INTO kasuses VALUES(75,50,'Gigi berlubang','Pulpitis reversible','Tumpat GIC',150000,'2025-08-19 10:20:23','2025-08-19 10:20:23');
INSERT INTO kasuses VALUES(76,51,'gigi berlubang','pulpitis reversible','tambal',150000,'2025-08-22 02:21:37','2025-08-22 02:21:37');
INSERT INTO kasuses VALUES(77,52,'Gigi berlubang','Pulpitis','Tumpat GIC',150000,'2025-08-26 12:29:05','2025-08-26 12:29:05');
INSERT INTO kasuses VALUES(78,52,'Gigi berlubang','Karies media','Tumpat komposit posterior',200000,'2025-08-26 12:29:05','2025-08-26 12:29:05');
INSERT INTO kasuses VALUES(79,53,'16 KP','Nekrosis Pulpa','Tambal Sementara + Irigasi',200000,'2025-09-01 11:51:14','2025-09-01 11:51:14');
INSERT INTO kasuses VALUES(80,54,'Sisa akar','Periodontitis kronis ok gr','Pencabutan',150000,'2025-09-03 12:15:21','2025-09-03 12:15:21');
INSERT INTO kasuses VALUES(81,55,'Gigi berlubang','Pulpitis reversible','Tumpat posterior',112500,'2025-09-06 06:59:32','2025-09-06 06:59:32');
INSERT INTO kasuses VALUES(82,55,'Gigi berlubang','Pulpitis reversible','Tumpat posterior',112500,'2025-09-06 06:59:32','2025-09-06 06:59:32');
INSERT INTO kasuses VALUES(83,55,'Gigi berlubang','Pulpitis reversible','Tumpat posterior',112500,'2025-09-06 06:59:32','2025-09-06 06:59:32');
INSERT INTO kasuses VALUES(84,55,'Gigi berlubang','Pulpitis reversible','Tumpat posterior',112500,'2025-09-06 06:59:32','2025-09-06 06:59:32');
INSERT INTO kasuses VALUES(85,56,'25 SA','Abses periapikal','Irigasi +Medikasi',100000,'2025-09-09 06:45:38','2025-09-09 06:45:38');
INSERT INTO kasuses VALUES(86,57,'Pencabutan gigi','Periodontitis kronis ok gr','Pencabutan',100000,'2025-09-09 09:18:17','2025-09-09 09:18:17');
INSERT INTO kasuses VALUES(87,58,'Sakit gigi','Pulpitis irreversible','Rop + medikasi',100000,'2025-09-19 09:36:58','2025-09-19 09:36:58');
INSERT INTO kasuses VALUES(88,59,'46 TS','Pulpitis','CHKM + TS',100,'2025-09-26 11:43:28','2025-09-26 11:43:28');
INSERT INTO kasuses VALUES(89,60,'46 TS','Pulpitis','CHKM + TS',100000,'2025-09-26 11:47:14','2025-09-26 11:47:14');
INSERT INTO kasuses VALUES(90,61,'Karang Gigi','Gingivitis Marginalis Kronis','Scaling Regio Atas dan Bawah',200000,'2025-09-27 05:50:47','2025-09-27 05:50:47');
INSERT INTO kasuses VALUES(91,62,'tumpatan post PSA','nekrosis','tumpatan',150000,'2025-10-01 06:36:20','2025-10-01 06:36:20');
INSERT INTO kasuses VALUES(92,62,'kontrol behel','maloklusi','kontrol behel',150000,'2025-10-01 06:36:20','2025-10-01 06:36:20');
INSERT INTO kasuses VALUES(93,63,'46 TS','Pulpitis Irreversible','T.Komposit+Liner',300000,'2025-10-03 11:51:13','2025-10-03 11:51:13');
INSERT INTO kasuses VALUES(94,63,'47 KP','Pulpitis Reversible','Eug + TS',150000,'2025-10-03 11:51:13','2025-10-03 11:51:13');
INSERT INTO kasuses VALUES(95,64,'18','Abses','Irigasi + Medikasi',100000,'2025-10-07 07:09:54','2025-10-07 07:09:54');
INSERT INTO kasuses VALUES(96,65,'Karang gigi','Gingivitis','Scalling',200000,'2025-10-09 06:45:38','2025-10-09 06:45:38');
INSERT INTO kasuses VALUES(97,66,'47 TS','Pulpitis Reversible','T.GIC + TS',200000,'2025-10-10 11:52:08','2025-10-10 11:52:08');
INSERT INTO kasuses VALUES(98,67,'47 TS','Pulpitis Reversible','T.Komposit 47',250000,'2025-10-11 11:44:46','2025-10-11 11:44:46');
INSERT INTO kasuses VALUES(99,68,'Gigi','Gingivitis dan Periodontitis','Scaling dan Debridement',375000,'2025-10-13 12:43:55','2025-10-13 12:43:55');
INSERT INTO kasuses VALUES(100,69,'Gigi berlubang','Pulpitis reversible','Ekskavasi + ts',150000,'2025-10-17 07:12:24','2025-10-17 07:12:24');
INSERT INTO kasuses VALUES(101,70,'Gigi berlubang','Pulpitis reversible','Ekslavasi ts',100000,'2025-10-17 07:13:01','2025-10-17 07:13:01');
INSERT INTO kasuses VALUES(102,71,'46 KP','Pulpitis Irreversible','Exo 46',300000,'2025-10-17 10:58:18','2025-10-17 10:58:18');
INSERT INTO kasuses VALUES(103,72,'46 KOMPOSIT','Nekrosis Pulpa','EUG+TKF+TS 46',150000,'2025-10-17 12:37:33','2025-10-17 12:37:33');
INSERT INTO kasuses VALUES(104,73,'Kalkulus RA RB + Stain','Gingivitis Kronis','Scalling',350000,'2025-10-20 13:29:45','2025-10-20 13:29:45');
INSERT INTO kasuses VALUES(105,74,'Karang gigi','Gingivitis','Scalling',200000,'2025-10-22 12:06:43','2025-10-22 12:06:43');
INSERT INTO kasuses VALUES(106,75,'Gigi berlubang','Abses','Trepanasi',100000,'2025-10-25 07:37:39','2025-10-25 07:37:39');
INSERT INTO kasuses VALUES(107,76,'16 KPP','Nekrosis Pulpa','EUG+TKF+TS 16',150000,'2025-11-01 11:06:49','2025-11-01 11:06:49');
INSERT INTO kasuses VALUES(108,77,'Gigi berlubang 27','Pulpitis reversible','Tumpat komposit posterior',150000,'2025-11-04 10:10:42','2025-11-04 10:10:42');
INSERT INTO kasuses VALUES(109,77,'Gigi berlubang 48','Pulpitis reversible','Tumpat komposit posterior',150000,'2025-11-04 10:10:42','2025-11-04 10:10:42');
INSERT INTO kasuses VALUES(110,78,'Maloklusi','Maloklusi','kontrol behel',150000,'2025-11-05 05:10:34','2025-11-05 05:10:34');
INSERT INTO kasuses VALUES(111,79,'35 KP','Pulpitis Irreversible','EUG+TKF+TS',150000,'2025-11-07 12:49:39','2025-11-07 12:49:39');
INSERT INTO kasuses VALUES(112,80,'38 polip pulpa','Nekrosis Pulpa','EUG+TKF+TS 38',150000,'2025-11-10 10:50:24','2025-11-10 10:50:24');
INSERT INTO kasuses VALUES(113,81,'Kalkulus RA RB','Gingivitis Kronis','Scalling + stain',250000,'2025-11-15 09:55:58','2025-11-15 09:55:58');
INSERT INTO kasuses VALUES(114,82,'36 T.KOMPOSIT','Pulpitis Reversible','EUG+TS 36',150000,'2025-11-15 12:25:47','2025-11-15 12:25:47');
INSERT INTO kasuses VALUES(115,83,'38 TS','Nekrosis Pulpa dengan polip','Ekskavasi polip',200000,'2025-11-17 07:49:19','2025-11-17 07:49:19');
INSERT INTO kasuses VALUES(116,83,'38 TS','Nekrosis Pulpa dengan polip','TKF + CHKM +TS',200000,'2025-11-17 07:49:19','2025-11-17 07:49:19');
INSERT INTO kasuses VALUES(117,84,'36 TS','Pulpitis Reversible','T.Komposit + TS 36',200000,'2025-11-21 08:56:07','2025-11-21 08:56:07');
INSERT INTO kasuses VALUES(118,85,'26 KPP polip','Nekrosis Pulpa dengan polip','Konsultasi',50000,'2025-11-21 10:23:56','2025-11-21 10:23:56');
INSERT INTO kasuses VALUES(119,86,'38 TS','Nekrosis Pulpa dengan polip','T.GIC',200000,'2025-11-25 06:08:31','2025-11-25 06:08:31');
INSERT INTO kasuses VALUES(120,86,'Kalkulus RA RB','Gingivitis Kronis','Scalling sedang',250000,'2025-11-25 06:08:31','2025-11-25 06:08:31');
INSERT INTO kasuses VALUES(121,87,'36 TS','Pulpitis Reversible','T.Komposit sandwich 36',200000,'2025-11-28 09:36:19','2025-11-28 09:36:19');
INSERT INTO kasuses VALUES(122,88,'12 T.Komposit berubah warna','Nekrosis Pulpa','Direct Veneer 12',400000,'2025-11-28 11:09:15','2025-11-28 11:09:15');
INSERT INTO kasuses VALUES(123,89,'61 hilang','Avulsi','Konsultasi',50000,'2025-11-29 12:10:35','2025-11-29 12:10:35');
INSERT INTO kasuses VALUES(124,90,'74 persistensi','Persistensi','Exo CE 74',100000,'2025-11-29 12:29:39','2025-11-29 12:29:39');
INSERT INTO kasuses VALUES(125,91,'Gigi berlubang','Pulpitis reversible','Tumpat komposit',350000,'2025-12-02 09:50:09','2025-12-02 09:50:09');
INSERT INTO kasuses VALUES(126,92,'Gigi berlubang','Pulpitis reversible','Tumpat komposit',350000,'2025-12-02 09:50:09','2025-12-02 09:50:09');
INSERT INTO kasuses VALUES(127,93,'Karang gigi','Gingivitis','Scalling',150000,'2025-12-06 05:45:36','2025-12-06 05:45:36');
INSERT INTO kasuses VALUES(128,94,'61 hilang','Avulsi','Baca RO + CEK IO',50000,'2025-12-06 12:40:32','2025-12-06 12:40:32');
INSERT INTO kasuses VALUES(129,95,'Gigi berlubang','Nekrosis pulpa','Pencabutan',100000,'2025-12-12 10:41:42','2025-12-12 10:41:42');
INSERT INTO kasuses VALUES(130,95,'Karang gigi','Gingivitis','Scalling',200000,'2025-12-12 10:41:42','2025-12-12 10:41:42');
INSERT INTO kasuses VALUES(131,96,'15 KM','Pulpitis Reversible','T.Komposit 15',150000,'2025-12-15 05:50:32','2025-12-15 05:50:32');
INSERT INTO kasuses VALUES(132,96,'16 T.Komposit','Pulpitis Reversible','Basis GIC + Rujuk Rontgen',300000,'2025-12-15 05:50:32','2025-12-15 05:50:32');
INSERT INTO kasuses VALUES(133,96,'46 KM','Pulpitis Reversible','T. Komposit 46',200000,'2025-12-15 05:50:32','2025-12-15 05:50:32');
INSERT INTO kasuses VALUES(134,97,'16 T.GIC','Pulpitis Reversible','T.Komposit',150000,'2025-12-16 06:40:23','2025-12-16 06:40:23');
INSERT INTO kasuses VALUES(135,98,'Karang gigi','Gingivitis','Scalling',150000,'2025-12-18 08:57:16','2025-12-18 08:57:16');
INSERT INTO kasuses VALUES(136,99,'Gigi berlubang','Abses periapikal','Konsultasi',25000,'2025-12-18 23:11:57','2025-12-18 23:11:57');
INSERT INTO kasuses VALUES(137,100,'46 KP P/D -/+ abses +','Abses periapikal','Trepanasi Devit Eug TS',150000,'2025-12-22 07:04:51','2025-12-22 07:04:51');
INSERT INTO kasuses VALUES(138,101,'Kalkulus','Gingivitis Kronis','Scalling',200000,'2025-12-26 07:27:13','2025-12-26 07:27:13');
INSERT INTO kasuses VALUES(139,101,'27 KM','Pulpitis','T.GIC',150000,'2025-12-26 07:27:13','2025-12-26 07:27:13');
INSERT INTO kasuses VALUES(140,102,'46 TS','Nekrosis Pulpa','Irigasi Calplus TKF TS',200000,'2025-12-27 12:22:48','2025-12-27 12:22:48');
INSERT INTO kasuses VALUES(141,103,'46 KM','Pulpitis Reversible','T.Komposit 46',200000,'2025-12-27 14:11:37','2025-12-27 14:11:37');
INSERT INTO kasuses VALUES(142,103,'16 KP','Pulpitis Reversible','T.GIC 16',250000,'2025-12-27 14:11:37','2025-12-27 14:11:37');
INSERT INTO kasuses VALUES(143,103,'Kalkulus RA RB','Gingivitis Kronis','Scalling',200000,'2025-12-27 14:11:37','2025-12-27 14:11:37');
INSERT INTO kasuses VALUES(144,104,'46 T Komposit','Pulpitis Irreversible','Trepanasi Devit Eug TS',200000,'2025-12-29 05:58:05','2025-12-29 05:58:05');
INSERT INTO kasuses VALUES(145,105,'16 TS','Nekrosis Pulpa','CHKM + TS',150000,'2025-12-29 08:30:34','2025-12-29 08:30:34');
INSERT INTO kasuses VALUES(146,106,'Nekrosis pulpa/ gigi berlubang','Nekrosis pulpa','Rop irigasi',100000,'2025-12-31 10:19:53','2025-12-31 10:19:53');
INSERT INTO kasuses VALUES(147,107,'gingivitis marginalis','peridontitis akut','scaling dan debridement',250000,'2026-01-04 03:31:27','2026-01-04 03:31:27');
INSERT INTO kasuses VALUES(148,108,'46 TS','Pulpitis Irreversible','CHKM + TS',150000,'2026-01-05 07:53:01','2026-01-05 07:53:01');
INSERT INTO kasuses VALUES(149,109,'Kalkulus RA RB','Gingivitis Akut','Konsultasi',50000,'2026-01-05 08:37:19','2026-01-05 08:37:19');
INSERT INTO kasuses VALUES(150,110,'Gigi berlubang','Nekrosis pulpa','Pencabutan',100000,'2026-01-07 10:04:44','2026-01-07 10:04:44');
INSERT INTO kasuses VALUES(151,111,'Gigi patah 26','Pulpitis reversible','Pencabutan',50000,'2026-01-07 12:29:28','2026-01-07 12:29:28');
INSERT INTO kasuses VALUES(152,111,'Gigi berlubang 26','Pulpitis reversible','Tumpat GIC',150000,'2026-01-07 12:29:28','2026-01-07 12:29:28');
INSERT INTO kasuses VALUES(153,112,'nekrosis','nekrosis','perawatan akar',400000,'2026-01-08 05:38:31','2026-01-08 05:38:31');
INSERT INTO kasuses VALUES(154,113,'Gigi berlubang','Nekrosis pulpa','Tumpat GIC',150000,'2026-01-09 11:41:03','2026-01-09 11:41:03');
INSERT INTO kasuses VALUES(155,113,'Gigi berlubang','Nekrosis pulpa','Rop gigi 36',50000,'2026-01-09 11:41:03','2026-01-09 11:41:03');
INSERT INTO kasuses VALUES(156,114,'15 KM','Pulpitis Irreversible','Trepanasi Devit Eug TS',150000,'2026-01-10 09:29:27','2026-01-10 09:29:27');
INSERT INTO kasuses VALUES(157,114,'16 KPP','Pulpitis Irreversible','Trepanasi Devit Eug TS',150000,'2026-01-10 09:29:27','2026-01-10 09:29:27');
INSERT INTO kasuses VALUES(158,115,'pulpitis','pulpitis','chkm+TS',75000,'2026-01-11 03:36:47','2026-01-11 03:36:47');
INSERT INTO kasuses VALUES(159,116,'46 TS','Pulpitis Irreversible','TKF TS',150000,'2026-01-12 08:30:32','2026-01-12 08:30:32');
INSERT INTO kasuses VALUES(160,117,'persistensi dan pulpitis','pulpitis','cabut gigi',200000,'2026-01-18 03:06:16','2026-01-18 03:06:16');
INSERT INTO kasuses VALUES(161,118,'gigi tambalan lepas','pulpitis','tambalan GI',200000,'2026-01-18 03:22:09','2026-01-18 03:22:09');
INSERT INTO kasuses VALUES(162,119,'gigi goyang','gingivitis marginalis kronis','debridement',100000,'2026-01-18 03:33:12','2026-01-18 03:33:12');
INSERT INTO kasuses VALUES(163,120,'46 TS','Nekrosis Pulpa','CHKM + TS',150000,'2026-01-19 09:12:26','2026-01-19 09:12:26');
INSERT INTO kasuses VALUES(164,120,'46 TS','Nekrosis Pulpa','T.Komposit servikal',100000,'2026-01-19 09:12:26','2026-01-19 09:12:26');
INSERT INTO kasuses VALUES(165,120,'45 TS','Pulpitis Reversible','T.Komposit servikal',100000,'2026-01-19 09:12:26','2026-01-19 09:12:26');
INSERT INTO kasuses VALUES(166,121,'46 TS','Pulpitis Irreversible','TKF TS',200000,'2026-01-24 08:33:13','2026-01-24 08:33:13');
INSERT INTO kasuses VALUES(167,122,'gingivitis marginalis','gingivitis','scaling dan debridement',200000,'2026-01-28 05:58:46','2026-01-28 05:58:46');
INSERT INTO kasuses VALUES(168,123,'Gigi goyang','Periodontitis kronis ok gp','Pencabutan',200000,'2026-01-28 12:33:10','2026-01-28 12:33:10');
INSERT INTO kasuses VALUES(169,123,'Gigi berlubang','Nekrosis pulpa','Tumpat komposit posterior',200000,'2026-01-28 12:33:10','2026-01-28 12:33:10');
INSERT INTO kasuses VALUES(170,124,'46 TS','Nekrosis Pulpa','T.Komposit + Calplus',250000,'2026-01-31 08:38:14','2026-01-31 08:38:14');
INSERT INTO kasuses VALUES(171,125,'tambalan gupil','pulpitis','tambalan GI',150000,'2026-02-01 03:35:31','2026-02-01 03:35:31');
INSERT INTO kasuses VALUES(172,126,'gigi tambalan lepas','pulpitis','tambalan GI',150000,'2026-02-01 03:39:20','2026-02-01 03:39:20');
INSERT INTO kasuses VALUES(173,127,'Karang gigi','Gingivitis','Scalling',150000,'2026-02-03 10:50:08','2026-02-03 10:50:08');
INSERT INTO kasuses VALUES(174,128,'Gigi berlubang 28','Pulpitis reversible','rop',150000,'2026-02-05 10:55:16','2026-02-05 10:55:16');
INSERT INTO kasuses VALUES(175,129,'pulpitis irreversible','pulpitis irreversible','pemcabutan',500000,'2026-02-11 06:41:45','2026-02-11 06:41:45');
INSERT INTO kasuses VALUES(176,130,'Gigi berlubang 74','Pulpitis reversible','Tumpat GIC',150000,'2026-02-11 10:30:58','2026-02-11 10:30:58');
INSERT INTO kasuses VALUES(177,130,'Gigi berlubang 75','Nekrosis pulpa','Chkm + ts (ROP)',100000,'2026-02-11 10:30:58','2026-02-11 10:30:58');
INSERT INTO kasuses VALUES(178,131,'Gigi berlubang 74','Pulpitis reversible','Tumpat GIC',150000,'2026-02-11 10:30:58','2026-02-11 10:30:58');
INSERT INTO kasuses VALUES(179,131,'Gigi berlubang 75','Nekrosis pulpa','Chkm + ts (ROP)',100000,'2026-02-11 10:30:58','2026-02-11 10:30:58');
INSERT INTO kasuses VALUES(180,132,'Deposit kalkulus','Deposit kalkulus','Scaling ra dan rb',250,'2026-02-15 05:13:15','2026-02-15 05:13:15');
INSERT INTO kasuses VALUES(181,133,'Deposit kalkulus','Deposit kalkulus','Scaling ra dan rb',300,'2026-02-15 05:14:49','2026-02-15 05:14:49');
INSERT INTO kasuses VALUES(182,134,'Deposit kalkulus','Deposit kalkulus','Scaling ra dan rb',250000,'2026-02-15 05:17:47','2026-02-15 05:17:47');
INSERT INTO kasuses VALUES(183,135,'Deposit stain','Deposit stain','Scaling ra dan rb',300000,'2026-02-15 05:18:39','2026-02-15 05:18:39');
INSERT INTO kasuses VALUES(184,136,'26 KM','Pulpitis Reversible','T.Komposit 26',200000,'2026-02-22 05:07:14','2026-02-22 05:07:14');
INSERT INTO kasuses VALUES(185,136,'36 KM','Pulpitis Reversible','T.Komposit 36',200000,'2026-02-22 05:07:14','2026-02-22 05:07:14');
INSERT INTO kasuses VALUES(186,137,'36 KPP','Nekrosis Pulpa','Exo cito + blok 37',350000,'2026-02-27 09:13:04','2026-02-27 09:13:04');
INSERT INTO kasuses VALUES(187,138,'karies media','pulpitis','tumpatan',300000,'2026-03-02 15:08:36','2026-03-02 15:08:36');
INSERT INTO kasuses VALUES(188,139,'38 KPP','Pulpitis Irreversible','Konsul hasil RO',50000,'2026-03-03 05:45:30','2026-03-03 05:45:30');
INSERT INTO kasuses VALUES(189,140,'Gigi berlubang','Pulpitis irreversible','Konsult',50000,'2026-03-07 04:47:12','2026-03-07 04:47:12');
INSERT INTO kasuses VALUES(190,141,'81 Goyang derajat 3','Persistensi','EXO ce 81',100000,'2026-03-07 08:40:32','2026-03-07 08:40:32');
INSERT INTO kasuses VALUES(191,142,'36 KPP','Pulpitis Irreversible','Trepanasi Devit Eug TS',200000,'2026-03-07 10:29:36','2026-03-07 10:29:36');
INSERT INTO kasuses VALUES(192,143,'Kontrol ortho','Maloklusi','100000',100000,'2026-03-13 05:23:31','2026-03-13 05:23:31');
INSERT INTO kasuses VALUES(193,144,'Maloklusi','Maloklusi','Kontrol behel',100000,'2026-03-13 10:01:42','2026-03-13 10:01:42');
INSERT INTO kasuses VALUES(194,145,'Kalkulus RA RB','Gingivitis Kronis','Scalling sedang',250000,'2026-03-17 04:57:45','2026-03-17 04:57:45');
INSERT INTO kasuses VALUES(195,146,'Gigi berlubang','Pulpitis irreversible','Rop irigasi + medikasi calplus chkm',150000,'2026-03-17 09:44:45','2026-03-17 09:44:45');
INSERT INTO kasuses VALUES(196,147,'Gigi berlubang','Nekrosis pulpa','rop calplus rewalling composite',150000,'2026-03-17 11:24:25','2026-03-17 11:24:25');
INSERT INTO kasuses VALUES(197,148,'abses','periodontitis akut','kontrol',100000,'2026-03-26 10:53:10','2026-03-26 10:53:10');
INSERT INTO kasuses VALUES(198,149,'36 KPP','Nekrosis Pulpa','Exo Blok + CITO 36',250000,'2026-03-27 09:03:29','2026-03-27 09:03:29');
INSERT INTO kasuses VALUES(199,150,'46 KPP','Nekrosis Pulpa','Konsultasi + Grinding',50000,'2026-03-27 09:27:17','2026-03-27 09:27:17');
INSERT INTO kasuses VALUES(200,151,'16 T.Komposit','Pulpitis Irreversible','Konsul',50000,'2026-03-27 12:56:19','2026-03-27 12:56:19');
INSERT INTO kasuses VALUES(201,152,'47 KP','Pulpitis Irreversible','Trepanasi Devit Eug TS',200000,'2026-03-28 12:59:35','2026-03-28 12:59:35');
INSERT INTO kasuses VALUES(202,153,'Kontrol behel','Maloklusi','Reluting+ Ganti Power O',175000,'2026-03-28 14:56:36','2026-03-28 14:56:36');
INSERT INTO kasuses VALUES(203,154,'28 KP','Pulpitis Reversible','EUG+TS 28',150000,'2026-03-30 12:32:36','2026-03-30 12:32:36');
INSERT INTO kasuses VALUES(204,155,'Gigi berlubang','Pulpitis reversible','Tumpat GIC',150000,'2026-04-03 22:27:47','2026-04-03 22:27:47');
INSERT INTO kasuses VALUES(205,155,'Karang gigi','Gingivitis','Scalling',150000,'2026-04-03 22:27:47','2026-04-03 22:27:47');
INSERT INTO kasuses VALUES(206,156,'Gigi berlubang','Nekrosis pulpa','Tumpat resin komposit',250000,'2026-04-04 07:12:30','2026-04-04 07:12:30');
INSERT INTO kasuses VALUES(207,156,'Gigi berlubang','Nekrosis pulpa','Rop irigasi + medikasi calplus chkm',150000,'2026-04-04 07:12:30','2026-04-04 07:12:30');
INSERT INTO kasuses VALUES(208,157,'pulpitis','pulpitis','scaling dan debridement',400000,'2026-04-04 11:59:23','2026-04-04 11:59:23');
INSERT INTO kasuses VALUES(209,158,'Gigi berlubang','Nekrosis pulpa','Tumpat posterior',125000,'2026-04-08 09:01:23','2026-04-08 09:01:23');
INSERT INTO kasuses VALUES(210,159,'Gigi berlubang','Pulpitis reversible','Tumpat GIC',200000,'2026-04-10 01:46:55','2026-04-10 01:46:55');
INSERT INTO kasuses VALUES(211,160,'Behel lepas','Maloklusi','Kontrol behel + relutting 21 16',200000,'2026-04-10 11:03:48','2026-04-10 11:03:48');
INSERT INTO kasuses VALUES(212,161,'21 T.komposit berubah warna','Pulpitis Reversible','Direct Veneer 21',350000,'2026-04-11 10:59:54','2026-04-11 10:59:54');
INSERT INTO kasuses VALUES(213,162,'Post odontektomi','Gingivitis Akut','Irigasi +Medikasi',100000,'2026-04-18 11:41:20','2026-04-18 11:41:20');
INSERT INTO kasuses VALUES(214,163,'edentoluos ridge 14 dan 15','edentoluous ridge','cetak model anatomis rahang atas dan bawah',250,'2026-04-19 04:09:16','2026-04-19 04:09:16');
INSERT INTO kasuses VALUES(215,164,'sisa akar','persistensi','cabut gigi anak',100,'2026-04-19 04:10:10','2026-04-19 04:10:10');
INSERT INTO kasuses VALUES(216,165,'edentulous ridge','edentulous ridge 14 dan 15','cetak model anatomis',250000,'2026-04-19 04:13:09','2026-04-19 04:13:09');
INSERT INTO kasuses VALUES(217,166,'sisa akar','persistensi','cabut gigi anak',100000,'2026-04-19 04:13:47','2026-04-19 04:13:47');
DELETE FROM sqlite_sequence;
INSERT INTO sqlite_sequence VALUES('migrations',12);
INSERT INTO sqlite_sequence VALUES('users',9);
INSERT INTO sqlite_sequence VALUES('admins',2);
INSERT INTO sqlite_sequence VALUES('dokters',5);
INSERT INTO sqlite_sequence VALUES('pasiens',113);
INSERT INTO sqlite_sequence VALUES('tindakans',166);
INSERT INTO sqlite_sequence VALUES('kasuses',217);
INSERT INTO sqlite_sequence VALUES('kasirs',166);
CREATE UNIQUE INDEX "users_email_unique" on "users" ("email");
CREATE INDEX "sessions_user_id_index" on "sessions" ("user_id");
CREATE INDEX "sessions_last_activity_index" on "sessions" ("last_activity");
CREATE INDEX "jobs_queue_index" on "jobs" ("queue");
CREATE UNIQUE INDEX "failed_jobs_uuid_unique" on "failed_jobs" ("uuid");
COMMIT;
